,id,Procedure type,Document type,Language code,Name,Rules
1,1,CAP,SmPC,bg,КРАТКА ХАРАКТЕРИСТИКА НА ПРОДУКТА,
2,2,CAP,SmPC,bg,qТози лекарствен продукт подлежи на допълнително наблюдение. Това ще позволи бързото установяване на нова информация относно безопасността. От медицинските специалисти се изисква да съобщават всяка подозирана нежелана реакция. За начина на съобщаване на нежелани реакции вижте точка 4.8,
3,3,CAP,SmPC,bg,ИМЕ НА ЛЕКАРСТВЕНИЯ ПРОДУКТ,
4,4,CAP,SmPC,bg,КАЧЕСТВЕН И КОЛИЧЕСТВЕН СЪСТАВ,
5,5,CAP,SmPC,bg,Общо описание,
6,6,CAP,SmPC,bg,Качествен и количествен състав,
7,7,CAP,SmPC,bg,Помощно(и) вещество(а) с известно действие,
8,8,CAP,SmPC,bg,ЛЕКАРСТВЕНА ФОРМА,
9,9,CAP,SmPC,bg,КЛИНИЧНИ ДАННИ,
10,10,CAP,SmPC,bg,Терапевтични показания ,
11,11,CAP,SmPC,bg,Дозировка и начин на приложение,
12,12,CAP,SmPC,bg,Дозировка,
13,13,CAP,SmPC,bg,Педиатрична популация,
14,14,CAP,SmPC,bg,Начин на приложение,
15,15,CAP,SmPC,bg,"Предпазни мерки, които трябва да бъдат взети преди работа със или приложение на лекарствения продукт",
16,16,CAP,SmPC,bg,Противопоказания,
17,17,CAP,SmPC,bg,Специални предупреждения и предпазни мерки при употреба,
18,18,CAP,SmPC,bg,Проследимост,
19,19,CAP,SmPC,bg,Педиатрична популация,
20,20,CAP,SmPC,bg,Взаимодействие с други лекарствени продукти и други форми на взаимодействие,
21,21,CAP,SmPC,bg,Педиатрична популация,
22,22,CAP,SmPC,bg,"Фертилитет, бременност и кърмене",
23,23,CAP,SmPC,bg,Бременност,
24,24,CAP,SmPC,bg,Кърмене,
25,25,CAP,SmPC,bg,Фертилитет,
26,26,CAP,SmPC,bg,Ефекти върху способността за шофиране и работа с машини,
27,27,CAP,SmPC,bg,Нежелани лекарствени реакции,
28,28,CAP,SmPC,bg,Педиатрична популация,
29,29,CAP,SmPC,bg,Съобщаване на подозирани нежелани реакции,
30,30,CAP,SmPC,bg,Предозиране,
31,31,CAP,SmPC,bg,Педиатрична популация,
32,32,CAP,SmPC,bg,ФАРМАКОЛОГИЧНИ СВОЙСТВА,
33,33,CAP,SmPC,bg,Фармакодинамични свойства,
34,34,CAP,SmPC,bg,Механизъм на действие,
35,35,CAP,SmPC,bg,Фармакодинамични ефекти,
36,36,CAP,SmPC,bg,Клинична ефикасност и безопасност,
37,37,CAP,SmPC,bg,Педиатрична популация,
38,38,CAP,SmPC,bg,Фармакокинетични свойства,
39,39,CAP,SmPC,bg,Абсорбция,
40,40,CAP,SmPC,bg,Разпределение,
41,41,CAP,SmPC,bg,Биотрансформация,
42,42,CAP,SmPC,bg,Елиминиране,
43,43,CAP,SmPC,bg,Линейност/нелинейност,
44,44,CAP,SmPC,bg,Връзка(и) фармакокинетика-фармакодинамика,
45,45,CAP,SmPC,bg,Предклинични данни за безопасност,
46,46,CAP,SmPC,bg,Оценка на риска за околната среда (ERA),
47,47,CAP,SmPC,bg,ФАРМАЦЕВТИЧНИ ДАННИ,
48,48,CAP,SmPC,bg,Списък на помощните вещества,
49,49,CAP,SmPC,bg,Несъвместимости,
50,50,CAP,SmPC,bg,Срок на годност,
51,51,CAP,SmPC,bg,Специални условия на съхранение,
52,52,CAP,SmPC,bg,"Вид и съдържание на опаковката <и специални приспособления за употреба, приложение или имплантиране>",
53,53,CAP,SmPC,bg,Специални предпазни мерки при изхвърляне <и работа>,
54,54,CAP,SmPC,bg,Употреба при педиатричната популация,
55,55,CAP,SmPC,bg,ПРИТЕЖАТЕЛ НА РАЗРЕШЕНИЕТО ЗА УПОТРЕБА,
56,56,CAP,SmPC,bg,НОМЕР(А) НА РАЗРЕШЕНИЕТО ЗА УПОТРЕБА,
57,57,CAP,SmPC,bg,ДАТА НА ПЪРВО РАЗРЕШАВАНЕ/ПОДНОВЯВАНЕ НА РАЗРЕШЕНИЕТО ЗА УПОТРЕБА,
58,58,CAP,SmPC,bg,ДАТА НА АКТУАЛИЗИРАНЕ НА ТЕКСТА,
59,59,CAP,SmPC,bg,ДОЗИМЕТРИЯ,
60,60,CAP,SmPC,bg,ИНСТРУКЦИИ ЗА ПРИГОТВЯНЕ НА РАДИОФАРМАЦЕВТИЦИ ,
1,1001,CAP,AnnexII,bg,ПРИЛОЖЕНИЕ II,
2,1002,CAP,AnnexII,bg,"<ПРОИЗВОДИТЕЛ(И) НА БИОЛОГИЧНО АКТИВНОТО(ИТЕ) ВЕЩЕСТВО(А) И>ПРОИЗВОДИТЕЛ(И), ОТГОВОРЕН(НИ) ЗА ОСВОБОЖДАВАНЕ НА ПАРТИДИ ",
3,1003,CAP,AnnexII,bg,Име и адрес на производителя(ите) на биологично активното(ите) вещество(а),
4,1004,CAP,AnnexII,bg,"Име и адрес на производителя(ите), отговорен(ни) за освобождаване на партидите",
5,1005,CAP,AnnexII,bg,УСЛОВИЯ ИЛИ ОГРАНИЧЕНИЯ ЗА ДОСТАВКА И УПОТРЕБА,
6,1006,CAP,AnnexII,bg,Официално освобождаване на партиди,
7,1007,CAP,AnnexII,bg,ДРУГИ УСЛОВИЯ И ИЗИСКВАНИЯ НА РАЗРЕШЕНИЕТО ЗА УПОТРЕБА,
8,1008,CAP,AnnexII,bg,Периодични актуализирани доклади за безопасност (ПАДБ),
9,1009,CAP,AnnexII,bg,УСЛОВИЯ ИЛИ ОГРАНИЧЕНИЯ ЗА БЕЗОПАСНА И ЕФЕКТИВНА УПОТРЕБА НА ЛЕКАРСТВЕНИЯ ПРОДУКТ,
10,1010,CAP,AnnexII,bg,План за управление на риска (ПУР),
11,1011,CAP,AnnexII,bg,Допълнителни мерки за свеждане на риска до минимум,
12,1012,CAP,AnnexII,bg,Задължение за провеждане на мерки след разрешаване за употреба,
13,1013,CAP,AnnexII,bg,КОНКРЕТНО ЗАДЪЛЖЕНИЕ ЗА ИЗПЪЛНЕНИЕ НА МЕРКИ СЛЕД <РАЗРЕШАВАНЕ ЗА УПОТРЕБА ПОД УСЛОВИЕ> <РАЗРЕШАВАНЕ ЗА УПОТРЕБА ПРИ ИЗВЪНРЕДНИ ОБСТОЯТЕЛСТВА>,
1,2001,CAP,Labelling,bg,ДАННИ ВЪРХУ ОПАКОВКАТА,
2,2002,CAP,Labelling,bg,"ДАННИ, КОИТО ТРЯБВА ДА СЪДЪРЖА <ВТОРИЧНАТА ОПАКОВКА> <И> <ПЪРВИЧНАТА ОПАКОВКА>",
3,2003,CAP,Labelling,bg,ИМЕ НА ЛЕКАРСТВЕНИЯ ПРОДУКТ,
4,2004,CAP,Labelling,bg,ОБЯВЯВАНЕ НА АКТИВНОТО(ИТЕ) ВЕЩЕСТВО(А),
5,2005,CAP,Labelling,bg,СПИСЪК НА ПОМОЩНИТЕ ВЕЩЕСТВА,
6,2006,CAP,Labelling,bg,ЛЕКАРСТВЕНА ФОРМА И КОЛИЧЕСТВО В ЕДНА ОПАКОВКА,
7,2007,CAP,Labelling,bg,НАЧИН НА ПРИЛОЖЕНИЕ И ПЪТ(ИЩА) НА ВЪВЕЖДАНЕ,
8,2008,CAP,Labelling,bg,"СПЕЦИАЛНО ПРЕДУПРЕЖДЕНИЕ, ЧЕ ЛЕКАРСТВЕНИЯТ ПРОДУКТ ТРЯБВА ДА СЕ СЪХРАНЯВА НА МЯСТО ДАЛЕЧЕ ОТ ПОГЛЕДА И ДОСЕГА НА ДЕЦА ",
9,2009,CAP,Labelling,bg,"ДРУГИ СПЕЦИАЛНИ ПРЕДУПРЕЖДЕНИЯ, АКО Е НЕОБХОДИМО",
10,2010,CAP,Labelling,bg,ДАТА НА ИЗТИЧАНЕ НА СРОКА НА ГОДНОСТ,
11,2011,CAP,Labelling,bg,СПЕЦИАЛНИ УСЛОВИЯ НА СЪХРАНЕНИЕ,
12,2012,CAP,Labelling,bg,"СПЕЦИАЛНИ ПРЕДПАЗНИ МЕРКИ ПРИ ИЗХВЪРЛЯНЕ НА НЕИЗПОЛЗВАНА ЧАСТ ОТ ЛЕКАРСТВЕНИТЕ ПРОДУКТИ ИЛИ ОТПАДЪЧНИ МАТЕРИАЛИ ОТ ТЯХ, АКО СЕ ИЗИСКВАТ ТАКИВА",
13,2013,CAP,Labelling,bg,ИМЕ И АДРЕС НА ПРИТЕЖАТЕЛЯ НА РАЗРЕШЕНИЕТО ЗА УПОТРЕБА,
14,2014,CAP,Labelling,bg,НОМЕР(А) НА РАЗРЕШЕНИЕТО ЗА УПОТРЕБА,
15,2015,CAP,Labelling,bg,"ПАРТИДЕН НОМЕР<, КОДОВЕ НА ДАРЕНИЕТО И НА ПРОДУКТА>",
16,2016,CAP,Labelling,bg,НАЧИН НА ОТПУСКАНЕ,
17,2017,CAP,Labelling,bg,УКАЗАНИЯ ЗА УПОТРЕБА,
18,2018,CAP,Labelling,bg,ИНФОРМАЦИЯ НА БРАЙЛОВА АЗБУКА,
19,2019,CAP,Labelling,bg,УНИКАЛЕН ИДЕНТИФИКАТОР — ДВУИЗМЕРЕН БАРКОД,
20,2020,CAP,Labelling,bg,УНИКАЛЕН ИДЕНТИФИКАТОР — ДАННИ ЗА ЧЕТЕНЕ ОТ ХОРА,
21,2021,CAP,Labelling,bg,"МИНИМУМ ДАННИ, КОИТО ТРЯБВА ДА СЪДЪРЖАТ БЛИСТЕРИТЕ И ЛЕНТИТЕ",
22,2022,CAP,Labelling,bg,ИМЕ НА ЛЕКАРСТВЕНИЯ ПРОДУКТ,
23,2023,CAP,Labelling,bg,ИМЕ НА ПРИТЕЖАТЕЛЯ НА РАЗРЕШЕНИЕТО ЗА УПОТРЕБА,
24,2024,CAP,Labelling,bg,ДАТА НА ИЗТИЧАНЕ НА СРОКА НА ГОДНОСТ,
25,2025,CAP,Labelling,bg,"ПАРТИДЕН НОМЕР<, КОДОВЕ НА ДАРЕНИЕТО И НА ПРОДУКТА>",
26,2026,CAP,Labelling,bg,ДРУГО,
27,2027,CAP,Labelling,bg,"МИНИМУМ ДАННИ, КОИТО ТРЯБВА ДА СЪДЪРЖАТ МАЛКИТЕ ЕДИНИЧНИ ПЪРВИЧНИ ОПАКОВКИ",
28,2028,CAP,Labelling,bg,ИМЕ НА ЛЕКАРСТВЕНИЯ ПРОДУКT И ПЪТ(ИЩА) НА ВЪВЕЖДАНЕ,
29,2029,CAP,Labelling,bg,НАЧИН НА ПРИЛОЖЕНИЕ,
30,2030,CAP,Labelling,bg,ДАТА НА ИЗТИЧАНЕ НА СРОКА НА ГОДНОСТ,
31,2031,CAP,Labelling,bg,"ПАРТИДЕН НОМЕР<, КОДОВЕ НА ДАРЕНИЕТО И НА ПРОДУКТА>",
32,2032,CAP,Labelling,bg,"СЪДЪРЖАНИЕ КАТО МАСА, ОБЕМ ИЛИ ЕДИНИЦИ",
33,2033,CAP,Labelling,bg,ДРУГО,
1,3001,CAP,Package leaflet,bg, ЛИСТОВКА,
2,3002,CAP,Package leaflet,bg,"q Този лекарствен продукт подлежи на допълнително наблюдение. Това ще позволи бързото установяване на нова информация относно безопасността. Можете да дадете своя принос като съобщите всяка нежелана реакция, която сте получили. За начина на съобщаване на нежелани реакции вижте края на точка 4. ",
3,3003,CAP,Package leaflet,bg,Какво съдържа тази листовка,
4,3004,CAP,Package leaflet,bg,Какво представлява Х и за какво се използва,
5,3005,CAP,Package leaflet,bg,"Какво трябва да знаете, преди да <приемете> <използвате> Х",
6,3006,CAP,Package leaflet,bg,Не <приемайте> <използвайте> X,
7,3007,CAP,Package leaflet,bg,Предупреждения и предпазни мерки,
8,3008,CAP,Package leaflet,bg,Деца <и юноши>,
9,3009,CAP,Package leaflet,bg,Други лекарства и Х,
10,3010,CAP,Package leaflet,bg,"X с <храна> <и> <,> <напитки> <и> <алкохол>",
11,3011,CAP,Package leaflet,bg,"Бременност <и> <,> кърмене <и фертилитет>",
12,3012,CAP,Package leaflet,bg,Шофиране и работа с машини,
13,3013,CAP,Package leaflet,bg,X съдържа {име на помощното(ите) вещество(а)},
14,3014,CAP,Package leaflet,bg,Как да <приемате> <използвате> Х,
15,3015,CAP,Package leaflet,bg,Употреба при деца <и юноши>,
16,3016,CAP,Package leaflet,bg,Ако сте <приели> <използвали> повече от необходимата доза X,
17,3017,CAP,Package leaflet,bg,Ако сте пропуснали да <приемете> <използвате> X,
18,3018,CAP,Package leaflet,bg,Ако сте спрели <приема> <употребата> на X,
19,3019,CAP,Package leaflet,bg,Възможни нежелани реакции,
20,3020,CAP,Package leaflet,bg,Допълнителни нежелани реакции при деца <и юноши,
21,3021,CAP,Package leaflet,bg,Съобщаване на нежелани реакции,
22,3022,CAP,Package leaflet,bg,Как да съхранявате X,
23,3023,CAP,Package leaflet,bg,Съдържание на опаковката и допълнителна информация,
24,3024,CAP,Package leaflet,bg,Какво съдържа X,
25,3025,CAP,Package leaflet,bg,Как изглежда X и какво съдържа опаковката ,
26,3026,CAP,Package leaflet,bg,Притежател на разрешението за употреба и производител,
27,3027,CAP,Package leaflet,bg,"За допълнителна информация относно това лекарствo, моля, свържете се с локалния представител на притежателя на разрешението за употреба:",
28,3028,CAP,Package leaflet,bg,Дата на последно преразглеждане на листовката <{ММ /ГГГГ}> <{месец ГГГГ}>.,
29,3029,CAP,Package leaflet,bg,Други източници на информация,
30,3030,CAP,Package leaflet,bg,Посочената по-долу информация е предназначена само за медицински специалисти:,
1,4001,CAP,SmPC,cs,SOUHRN ÚDAJŮ O PŘÍPRAVKU,
2,4002,CAP,SmPC,cs,"qTento léčivý přípravek podléhá dalšímu sledování. To umožní rychlé získání nových informací o bezpečnosti. Žádáme zdravotnické pracovníky, aby hlásili jakákoli podezření na nežádoucí účinky. Podrobnosti o hlášení nežádoucích účinků viz bod 4.8.",
3,4003,CAP,SmPC,cs,NÁZEV PŘÍPRAVKU,
4,4004,CAP,SmPC,cs,KVALITATIVNÍ A KVANTITATIVNÍ SLOŽENÍ,
5,4005,CAP,SmPC,cs,Obecný popis,
6,4006,CAP,SmPC,cs,Kvalitativní a kvantitativní složení,
7,4007,CAP,SmPC,cs,<Pomocná látka> <Pomocné látky> se známým účinkem,
8,4008,CAP,SmPC,cs,LÉKOVÁ FORMA,
9,4009,CAP,SmPC,cs,KLINICKÉ ÚDAJE,
10,4010,CAP,SmPC,cs,Terapeutické indikace,
11,4011,CAP,SmPC,cs,Dávkování a způsob podání,
12,4012,CAP,SmPC,cs,Dávkování,
13,4013,CAP,SmPC,cs,Pediatrická populace,
14,4014,CAP,SmPC,cs,Způsob podání,
15,4015,CAP,SmPC,cs,"Opatření, která je nutno učinit před zacházením s léčivým přípravkem nebo před jeho podáním",
16,4016,CAP,SmPC,cs,Kontraindikace,
17,4017,CAP,SmPC,cs,Zvláštní upozornění a opatření pro použití,
18,4018,CAP,SmPC,cs,Sledovatelnost,
19,4019,CAP,SmPC,cs,Pediatrická populace,
20,4020,CAP,SmPC,cs,Interakce s jinými léčivými přípravky a jiné formy interakce,
21,4021,CAP,SmPC,cs,Pediatrická populace,
22,4022,CAP,SmPC,cs,"Fertilita, těhotenství a kojení",
23,4023,CAP,SmPC,cs,Těhotenství,
24,4024,CAP,SmPC,cs,Kojení,
25,4025,CAP,SmPC,cs,Fertilita,
26,4026,CAP,SmPC,cs,Účinky na schopnost řídit a obsluhovat stroje,
27,4027,CAP,SmPC,cs,Nežádoucí účinky,
28,4028,CAP,SmPC,cs,Pediatrická populace,
29,4029,CAP,SmPC,cs,Hlášení podezření na nežádoucí účinky,
30,4030,CAP,SmPC,cs,Předávkování,
31,4031,CAP,SmPC,cs,Pediatrická populace,
32,4032,CAP,SmPC,cs,FARMAKOLOGICKÉ VLASTNOSTI,
33,4033,CAP,SmPC,cs,Farmakodynamické vlastnosti,
34,4034,CAP,SmPC,cs,Mechanismus účinku,
35,4035,CAP,SmPC,cs,Farmakodynamické účinky,
36,4036,CAP,SmPC,cs,Klinická účinnost a bezpečnost,
37,4037,CAP,SmPC,cs,Pediatrická populace,
38,4038,CAP,SmPC,cs,Farmakokinetické vlastnosti,
39,4039,CAP,SmPC,cs,Absorpce,
40,4040,CAP,SmPC,cs,Distribuce,
41,4041,CAP,SmPC,cs,Biotransformace,
42,4042,CAP,SmPC,cs,Eliminace,
43,4043,CAP,SmPC,cs,Linearita/nelinearita,
44,4044,CAP,SmPC,cs,Farmakokinetické/farmakodynamické vztahy,
45,4045,CAP,SmPC,cs,Předklinické údaje vztahující se k bezpečnosti,
46,4046,CAP,SmPC,cs,Posouzení rizika pro životní prostředí,
47,4047,CAP,SmPC,cs,FARMACEUTICKÉ ÚDAJE,
48,4048,CAP,SmPC,cs,Seznam pomocných látek,
49,4049,CAP,SmPC,cs,Inkompatibility,
50,4050,CAP,SmPC,cs,Doba použitelnosti,
51,4051,CAP,SmPC,cs,Zvláštní opatření pro uchovávání,
52,4052,CAP,SmPC,cs,"Druh obalu a obsah balení <a zvláštní vybavení pro použití, podání nebo implantaci>",
53,4053,CAP,SmPC,cs,Zvláštní opatření pro likvidaci přípravku <a pro zacházení s ním>,
54,4054,CAP,SmPC,cs,Použití u pediatrické populace,
55,4055,CAP,SmPC,cs,DRŽITEL ROZHODNUTÍ O REGISTRACI,
56,4056,CAP,SmPC,cs,REGISTRAČNÍ ČÍSLO/REGISTRAČNÍ ČÍSLA ,
57,4057,CAP,SmPC,cs,DATUM PRVNÍ REGISTRACE/PRODLOUŽENÍ REGISTRACE,
58,4058,CAP,SmPC,cs,DATUM REVIZE TEXTU,
59,4059,CAP,SmPC,cs,DOZIMETRIE,
60,4060,CAP,SmPC,cs,NÁVOD PRO PŘÍPRAVU RADIOFARMAK,
1,5001,CAP,AnnexII,cs,PŘÍLOHA II,
2,5002,CAP,AnnexII,cs,<VÝROBCE/VÝROBCI BIOLOGICKÉ LÉČIVÉ LÁTKY/BIOLOGICKÝCH LÉČIVÝCH LÁTEK A> VÝROBCE ODPOVĚDNÝ/VÝROBCI ODPOVĚDNÍ ZA PROPOUŠTĚNÍ ŠARŽÍ,
3,5003,CAP,AnnexII,cs,Název a adresa výrobce/výrobců biologické léčivé látky/biologických léčivých látek,
4,5004,CAP,AnnexII,cs,Název a adresa výrobce odpovědného/výrobců odpovědných za propouštění šarží,
5,5005,CAP,AnnexII,cs,PODMÍNKY NEBO OMEZENÍ VÝDEJE A POUŽITÍ ,
6,5006,CAP,AnnexII,cs,Úřední propouštění šarží,
7,5007,CAP,AnnexII,cs,DALŠÍ PODMÍNKY A POŽADAVKY REGISTRACE,
8,5008,CAP,AnnexII,cs,Pravidelně aktualizované zprávy o bezpečnosti (PSUR),
9,5009,CAP,AnnexII,cs,PODMÍNKY NEBO OMEZENÍ S OHLEDEM NA BEZPEČNÉ A ÚČINNÉ POUŽÍVÁNÍ LÉČIVÉHO PŘÍPRAVKU,
10,5010,CAP,AnnexII,cs,Plán řízení rizik (RMP),
11,5011,CAP,AnnexII,cs,Další opatření k minimalizaci rizik,
12,5012,CAP,AnnexII,cs,Povinnost uskutečnit poregistrační opatření,
13,5013,CAP,AnnexII,cs,ZVLÁŠTNÍ POVINNOST USKUTEČNIT POREGISTRAČNÍ OPATŘENÍ PRO <PODMÍNĚNOU REGISTRACI PŘÍPRAVKU> <REGISTRACI PŘÍPRAVKU ZA VÝJIMEČNÝCH OKOLNOSTÍ>,
1,6001,CAP,Labelling,cs,OZNAČENÍ NA OBALU,
2,6002,CAP,Labelling,cs,ÚDAJE UVÁDĚNÉ NA <VNĚJŠÍM OBALU> <A> <VNITŘNÍM OBALU>,
3,6003,CAP,Labelling,cs,NÁZEV LÉČIVÉHO PŘÍPRAVKU,
4,6004,CAP,Labelling,cs,OBSAH LÉČIVÉ LÁTKY/LÉČIVÝCH LÁTEK,
5,6005,CAP,Labelling,cs,SEZNAM POMOCNÝCH LÁTEK,
6,6006,CAP,Labelling,cs,LÉKOVÁ FORMA A OBSAH BALENÍ,
7,6007,CAP,Labelling,cs,ZPŮSOB A CESTA/CESTY PODÁNÍ,
8,6008,CAP,Labelling,cs,"ZVLÁŠTNÍ UPOZORNĚNÍ, ŽE LÉČIVÝ PŘÍPRAVEK MUSÍ BÝT UCHOVÁVÁN MIMO DOHLED A DOSAH DĚTÍ",
9,6009,CAP,Labelling,cs,"DALŠÍ ZVLÁŠTNÍ UPOZORNĚNÍ, POKUD JE POTŘEBNÉ",
10,6010,CAP,Labelling,cs,POUŽITELNOST,
11,6011,CAP,Labelling,cs,ZVLÁŠTNÍ PODMÍNKY PRO UCHOVÁVÁNÍ,
12,6012,CAP,Labelling,cs,"ZVLÁŠTNÍ OPATŘENÍ PRO LIKVIDACI NEPOUŽITÝCH LÉČIVÝCH PŘÍPRAVKŮ NEBO ODPADU Z NICH, POKUD JE TO VHODNÉ",
13,6013,CAP,Labelling,cs,NÁZEV A ADRESA DRŽITELE ROZHODNUTÍ O REGISTRACI,
14,6014,CAP,Labelling,cs,REGISTRAČNÍ ČÍSLO/ČÍSLA,
15,6015,CAP,Labelling,cs,"ČÍSLO ŠARŽE <, KÓD DÁRCE A KÓD LÉČIVÉHO PŘÍPRAVKU>",
16,6016,CAP,Labelling,cs,KLASIFIKACE PRO VÝDEJ,
17,6017,CAP,Labelling,cs,NÁVOD K POUŽITÍ,
18,6018,CAP,Labelling,cs,INFORMACE V BRAILLOVĚ PÍSMU,
19,6019,CAP,Labelling,cs,JEDINEČNÝ IDENTIFIKÁTOR – 2D ČÁROVÝ KÓD,
20,6020,CAP,Labelling,cs,JEDINEČNÝ IDENTIFIKÁTOR – DATA ČITELNÁ OKEM,
21,6021,CAP,Labelling,cs,MINIMÁLNÍ ÚDAJE UVÁDĚNÉ NA BLISTRECH NEBO STRIPECH,
22,6022,CAP,Labelling,cs,NÁZEV LÉČIVÉHO PŘÍPRAVKU,
23,6023,CAP,Labelling,cs,NÁZEV DRŽITELE ROZHODNUTÍ O REGISTRACI,
24,6024,CAP,Labelling,cs,POUŽITELNOST,
25,6025,CAP,Labelling,cs,"ČÍSLO ŠARŽE <, KÓD DÁRCE A KÓD LÉČIVÉHO PŘÍPRAVKU>",
26,6026,CAP,Labelling,cs,JINÉ,
27,6027,CAP,Labelling,cs,MINIMÁLNÍ ÚDAJE UVÁDĚNÉ NA MALÉM VNITŘNÍM OBALU,
28,6028,CAP,Labelling,cs,NÁZEV LÉČIVÉHO PŘÍPRAVKU A CESTA/CESTY PODÁNÍ,
29,6029,CAP,Labelling,cs,ZPŮSOB PODÁNÍ,
30,6030,CAP,Labelling,cs,POUŽITELNOST,
31,6031,CAP,Labelling,cs,"ČÍSLO ŠARŽE <, KÓD DÁRCE A KÓD LÉČIVÉHO PŘÍPRAVKU",
32,6032,CAP,Labelling,cs,"OBSAH UDANÝ JAKO HMOTNOST, OBJEM NEBO POČET",
33,6033,CAP,Labelling,cs,JINÉ,
1,7001,CAP,Package leaflet,cs,PŘÍBALOVÁ INFORMACE,
2,7002,CAP,Package leaflet,cs,"qTento přípravek podléhá dalšímu sledování. To umožní rychlé získání nových informací o bezpečnosti. Můžete přispět tím, že nahlásíte jakékoli nežádoucí účinky, které se u Vás vyskytnou. Jak hlásit nežádoucí účinky je popsáno v závěru bodu 4.",
3,7003,CAP,Package leaflet,cs,Co naleznete v této příbalové informaci,
4,7004,CAP,Package leaflet,cs,Co je <přípravek> X a k čemu se používá,
5,7005,CAP,Package leaflet,cs,"Čemu musíte věnovat pozornost, než začnete <přípravek> X <užívat> <používat> ",
6,7006,CAP,Package leaflet,cs,<Neužívejte> <Nepoužívejte> <přípravek> X,
7,7007,CAP,Package leaflet,cs,Upozornění a opatření ,
8,7008,CAP,Package leaflet,cs,Děti <a dospívající>,
9,7009,CAP,Package leaflet,cs,Další léčivé přípravky a <přípravek> X,
10,7010,CAP,Package leaflet,cs,"<Přípravek> X s <jídlem> <a> <,> <pitím> <a> <alkoholem>",
11,7011,CAP,Package leaflet,cs,"Těhotenství <a> <,> kojení <a plodnost>",
12,7012,CAP,Package leaflet,cs,Řízení dopravních prostředků a obsluha strojů,
13,7013,CAP,Package leaflet,cs,<Přípravek> X obsahuje {název pomocné látky/pomocných látek},
14,7014,CAP,Package leaflet,cs,Jak se <přípravek> X <užívá> <používá>,
15,7015,CAP,Package leaflet,cs,Použití u dětí <a dospívajících>,
16,7016,CAP,Package leaflet,cs,"Jestliže jste <užil(a)> <použil(a)> více <přípravku>X, než jste měl(a)",
17,7017,CAP,Package leaflet,cs,Jestliže jste zapomněl(a) <užít> <použít> <přípravek>X,
18,7018,CAP,Package leaflet,cs,Jestliže jste přestal(a) <užívat> <používat> <přípravek>X,
19,7019,CAP,Package leaflet,cs,Možné nežádoucí účinky,
20,7020,CAP,Package leaflet,cs,Další nežádoucí účinky u dětí <a dospívajících>,
21,7021,CAP,Package leaflet,cs,Hlášení nežádoucích účinků,
22,7022,CAP,Package leaflet,cs,Jak <přípravek> X uchovávat,
23,7023,CAP,Package leaflet,cs,Obsah balení a další informace,
24,7024,CAP,Package leaflet,cs,Co <přípravek> X obsahuje ,
25,7025,CAP,Package leaflet,cs,Jak<přípravek> X vypadá a co obsahuje toto balení,
26,7026,CAP,Package leaflet,cs,Držitel rozhodnutí o registraci a výrobce,
27,7027,CAP,Package leaflet,cs,Další informace o tomto přípravku získáte u místního zástupce držitele rozhodnutí o registraci:,
28,7028,CAP,Package leaflet,cs,Tato příbalová informace byla naposledy revidována <{DD. MM. RRRR}> <{MM/RRRR}> <{měsíc RRRR}>.,
29,7029,CAP,Package leaflet,cs,Další zdroje informací,
30,7030,CAP,Package leaflet,cs,Následující informace jsou určeny pouze pro zdravotnické pracovníky:,
1,8001,CAP,SmPC,de,SUMMARY OF PRODUCT CHARACTERISTICS,
2,8002,CAP,SmPC,de,"Dieses Arzneimittel unterliegt einer zusätzlichen Überwachung. Dies ermöglicht eine schnelle Identifizierung neuer Erkenntnisse über die Sicherheit. Angehörige von Gesundheitsberufen sind aufgefordert, jeden Verdachtsfall einer Nebenwirkung zu melden. Hinweise zur Meldung von Nebenwirkungen, siehe Abschnitt 4.8.",
3,8003,CAP,SmPC,de,BEZEICHNUNG DES ARZNEIMITTELS,
4,8004,CAP,SmPC,de,QUALITATIVE UND QUANTITATIVE ZUSAMMENSETZUNG,
5,8005,CAP,SmPC,de,Allgemeine Beschreibung,
6,8006,CAP,SmPC,de,Qualitative und quantitative Zusammensetzung,
7,8007,CAP,SmPC,de,Sonstige(r) Bestandteil(e) mit bekannter Wirkung,
8,8008,CAP,SmPC,de,DARREICHUNGSFORM,
9,8009,CAP,SmPC,de,KLINISCHE ANGABEN,
10,8010,CAP,SmPC,de,Anwendungsgebiete,
11,8011,CAP,SmPC,de,Dosierung und Art der Anwendung,
12,8012,CAP,SmPC,de,Dosierung,
13,8013,CAP,SmPC,de,Kinder und Jugendliche,
14,8014,CAP,SmPC,de,Art der Anwendung,
15,8015,CAP,SmPC,de,Vorsichtsmaßnahmen vor / bei der Handhabung bzw. vor / während der Anwendung des Arzneimittels,
16,8016,CAP,SmPC,de,Gegenanzeigen,
17,8017,CAP,SmPC,de,Besondere Warnhinweise und Vorsichtsmaßnahmen für die Anwendung,
18,8018,CAP,SmPC,de,Rückverfolgbarkeit,
19,8019,CAP,SmPC,de,Kinder und Jugendliche,
20,8020,CAP,SmPC,de,Wechselwirkungen mit anderen Arzneimitteln und sonstige Wechselwirkungen,
21,8021,CAP,SmPC,de,Kinder und Jugendliche,
22,8022,CAP,SmPC,de,"Fertilität, Schwangerschaft und Stillzeit",
23,8023,CAP,SmPC,de,Schwangerschaft,
24,8024,CAP,SmPC,de,Stillzeit,
25,8025,CAP,SmPC,de,Fertilität,
26,8026,CAP,SmPC,de,Auswirkungen auf die Verkehrstüchtigkeit und die Fähigkeit zum Bedienen von Maschinen,
27,8027,CAP,SmPC,de,Nebenwirkungen,
28,8028,CAP,SmPC,de,Kinder und Jugendliche,
29,8029,CAP,SmPC,de,Meldung des Verdachts auf Nebenwirkungen,
30,8030,CAP,SmPC,de,Überdosierung,
31,8031,CAP,SmPC,de,Kinder und Jugendliche,
32,8032,CAP,SmPC,de,PHARMAKOLOGISCHE EIGENSCHAFTEN,
33,8033,CAP,SmPC,de,Pharmakodynamische Eigenschaften,
34,8034,CAP,SmPC,de,Wirkmechanismus,
35,8035,CAP,SmPC,de,Pharmakodynamische Wirkungen,
36,8036,CAP,SmPC,de,Klinische Wirksamkeit und Sicherheit,
37,8037,CAP,SmPC,de,Kinder und Jugendliche,
38,8038,CAP,SmPC,de,Pharmakokinetische Eigenschaften,
39,8039,CAP,SmPC,de,Resorption,
40,8040,CAP,SmPC,de,Verteilung,
41,8041,CAP,SmPC,de,Biotransformation,
42,8042,CAP,SmPC,de,Elimination,
43,8043,CAP,SmPC,de,Linearität/Nicht-Linearität,
44,8044,CAP,SmPC,de,Pharmakokinetische/pharmakodynamische Zusammenhänge,
45,8045,CAP,SmPC,de,Präklinische Daten zur Sicherheit,
46,8046,CAP,SmPC,de,Beurteilung der Risiken für die Umwelt (Environmental risk assessment [ERA]),
47,8047,CAP,SmPC,de,PHARMAZEUTISCHE ANGABEN,
48,8048,CAP,SmPC,de,Liste der sonstigen Bestandteile,
49,8049,CAP,SmPC,de,Inkompatibilitäten,
50,8050,CAP,SmPC,de,Dauer der Haltbarkeit,
51,8051,CAP,SmPC,de,Besondere Vorsichtsmaßnahmen für die Aufbewahrung,
52,8052,CAP,SmPC,de,"Art und Inhalt des Behältnisses <und spezielles Zubehör für den Gebrauch, die Anwendung oder die Implantation>",
53,8053,CAP,SmPC,de,Besondere Vorsichtsmaßnahmen für die Beseitigung <und sonstige Hinweise zur Handhabung>,
54,8054,CAP,SmPC,de,Anwendung bei Kindern und Jugendlichen,
55,8055,CAP,SmPC,de,INHABER DER ZULASSUNG,
56,8056,CAP,SmPC,de,ZULASSUNGSNUMMER(N),
57,8057,CAP,SmPC,de,DATUM DER ERTEILUNG DER ZULASSUNG/VERLÄNGERUNG DER ZULASSUNG,
58,8058,CAP,SmPC,de,STAND DER INFORMATION,
59,8059,CAP,SmPC,de,DOSIMETRIE,
60,8060,CAP,SmPC,de,ANWEISUNGEN ZUR ZUBEREITUNG VON RADIOAKTIVEN ARZNEIMITTELN,
1,9001,CAP,ANHANG II,de,ANHANG II,
2,9002,CAP,ANHANG II,de,"<HERSTELLER DES WIRKSTOFFS/DER WIRKSTOFFE BIOLOGISCHEN URSPRUNGS UND> HERSTELLER, DER (DIE) FÜR DIE CHARGENFREIGABE VERANTWORTLICH IST (SIND)",
3,9003,CAP,ANHANG II,de,Name und Anschrift des (der) Hersteller(s) des Wirkstoffs/der Wirkstoffe biologischen Ursprungs,
4,9004,CAP,ANHANG II,de,"Name und Anschrift des (der) Hersteller(s), der (die) für die Chargenfreigabe verantwortlich ist (sind)",
5,9005,CAP,ANHANG II,de,BEDINGUNGEN ODER EINSCHRÄNKUNGEN FÜR DIE ABGABE UND DEN GEBRAUCH ,
6,9006,CAP,ANHANG II,de,Amtliche Chargenfreigabe,
7,9007,CAP,ANHANG II,de,SONSTIGE BEDINGUNGEN UND AUFLAGEN DER GENEHMIGUNG FÜR DAS INVERKEHRBRINGEN,
8,9008,CAP,ANHANG II,de,Regelmäßig aktualisierte Unbedenklichkeitsberichte [Periodic Safety Update Reports (PSURs)],
9,9009,CAP,ANHANG II,de,BEDINGUNGEN ODER EINSCHRÄNKUNGEN FÜR DIE SICHERE UND WIRKSAME ANWENDUNG DES ARZNEIMITTELS,
10,9010,CAP,ANHANG II,de,Risikomanagement-Plan (RMP),
11,9011,CAP,ANHANG II,de,Zusätzliche Maßnahmen zur Risikominimierung,
12,9012,CAP,ANHANG II,de,Verpflichtung zur Durchführung von Maßnahmen nach der Zulassung ,
13,9013,CAP,ANHANG II,de,SPEZIFISCHE VERPFLICHTUNG ZUM ABSCHLUSS VON MASSNAHMEN NACH DER ZULASSUNG <UNTER „BESONDEREN BEDINGUNGEN“> <UNTER „AUSSERGEWÖHNLICHEN UMSTÄNDEN“,
1,10001,CAP,Etikettierung,de,ETIKETTIERUNG ,
2,10002,CAP,Etikettierung,de,ANGABEN <AUF DER ÄUSSEREN UMHÜLLUNG> <UND> <AUF DEM BEHÄLTNIS>,
3,10003,CAP,Etikettierung,de,BEZEICHNUNG DES ARZNEIMITTELS,
4,10004,CAP,Etikettierung,de,WIRKSTOFF(E),
5,10005,CAP,Etikettierung,de,SONSTIGE BESTANDTEILE,
6,10006,CAP,Etikettierung,de,DARREICHUNGSFORM UND INHALT,
7,10007,CAP,Etikettierung,de,HINWEISE ZUR UND ART(EN) DER ANWENDUNG,
8,10008,CAP,Etikettierung,de,"WARNHINWEIS, DASS DAS ARZNEIMITTEL FÜR KINDER UNZUGÄNGLICH AUFZUBEWAHREN IST",
9,10009,CAP,Etikettierung,de,"WEITERE WARNHINWEISE, FALLS ERFORDERLICH",
10,10010,CAP,Etikettierung,de,VERFALLDATUM,
11,10011,CAP,Etikettierung,de,BESONDERE VORSICHTSMASSNAHMEN FÜR DIE AUFBEWAHRUNG,
12,10012,CAP,Etikettierung,de,GEGEBENENFALLS BESONDERE VORSICHTSMASSNAHMEN FÜR DIE BESEITIGUNG VON NICHT VERWENDETEM ARZNEIMITTEL ODER DAVON STAMMENDEN ABFALLMATERIALIEN,
13,10013,CAP,Etikettierung,de,NAME UND ANSCHRIFT DES PHARMAZEUTISCHEN UNTERNEHMERS,
14,10014,CAP,Etikettierung,de,ZULASSUNGSNUMMER(N) ,
15,10015,CAP,Etikettierung,de,"CHARGENBEZEICHNUNG<, SPENDER- UND PRODUKTCODE>",
16,10016,CAP,Etikettierung,de,VERKAUFSABGRENZUNG,
17,10017,CAP,Etikettierung,de,HINWEISE FÜR DEN GEBRAUCH,
18,10018,CAP,Etikettierung,de,ANGABEN IN BLINDENSCHRIFT,
19,10019,CAP,Etikettierung,de,INDIVIDUELLES ERKENNUNGSMERKMAL – 2D-BARCODE,
20,10020,CAP,Etikettierung,de,INDIVIDUELLES ERKENNUNGSMERKMAL – VOM MENSCHEN LESBARES FORMAT,
21,10021,CAP,Etikettierung,de,MINDESTANGABEN AUF BLISTERPACKUNGEN ODER FOLIENSTREIFEN,
22,10022,CAP,Etikettierung,de,BEZEICHNUNG DES ARZNEIMITTELS,
23,10023,CAP,Etikettierung,de,NAME DES PHARMAZEUTISCHEN UNTERNEHMERS,
24,10024,CAP,Etikettierung,de,VERFALLDATUM,
25,10025,CAP,Etikettierung,de,"CHARGENBEZEICHNUNG<, SPENDER- UND PRODUKTCODE>",
26,10026,CAP,Etikettierung,de,WEITERE ANGABEN,
27,10027,CAP,Etikettierung,de,MINDESTANGABEN AUF KLEINEN BEHÄLTNISSEN,
28,10028,CAP,Etikettierung,de,BEZEICHNUNG DES ARZNEIMITTELS SOWIE ART(EN) DER ANWENDUNG,
29,10029,CAP,Etikettierung,de,HINWEISE ZUR ANWENDUNG,
30,10030,CAP,Etikettierung,de,VERFALLDATUM,
31,10031,CAP,Etikettierung,de,"CHARGENBEZEICHNUNG<, SPENDER- UND PRODUKTCODE>",
32,10032,CAP,Etikettierung,de,"INHALT NACH GEWICHT, VOLUMEN ODER EINHEITEN",
33,10033,CAP,Etikettierung,de,WEITERE ANGABEN,
1,11001,CAP,Packungsbeilage,de,PACKUNGSBEILAGE,
2,11002,CAP,Packungsbeilage,de,"q Dieses Arzneimittel unterliegt einer zusätzlichen Überwachung. Dies ermöglicht eine schnelle Identifizierung neuer Erkenntnisse über die Sicherheit. Sie können dabei helfen, indem Sie jede auftretende Nebenwirkung melden. Hinweise zur Meldung von Nebenwirkungen, siehe Ende Abschnitt 4",
3,11003,CAP,Packungsbeilage,de,Was in dieser Packungsbeilage steht,
4,11004,CAP,Packungsbeilage,de,Was ist X und wofür wird es angewendet?,
5,11005,CAP,Packungsbeilage,de,Was sollten Sie vor der <Einnahme> <Anwendung> von X beachten?,
6,11006,CAP,Packungsbeilage,de,"X darf nicht <eingenommen> <angewendet> werden<,>",
7,11007,CAP,Packungsbeilage,de,Warnhinweise und Vorsichtsmaßnahmen,
8,11008,CAP,Packungsbeilage,de,Kinder <und Jugendliche>,
9,11009,CAP,Packungsbeilage,de,<Einnahme> <Anwendung> von X zusammen mit anderen Arzneimitteln,
10,11010,CAP,Packungsbeilage,de,"<Einnahme> <Anwendung> von X zusammen mit <Nahrungsmitteln> <und> <,> <Getränken> <und> <Alkohol>",
11,11011,CAP,Packungsbeilage,de,"Schwangerschaft <und> <,> Stillzeit <und Fortpflanzungsfähigkeit>",
12,11012,CAP,Packungsbeilage,de,Verkehrstüchtigkeit und Fähigkeit zum Bedienen von Maschinen,
13,11013,CAP,Packungsbeilage,de,X enthält {Bezeichnung <des> <der> sonstigen Bestandteil(s)(e)},
14,11014,CAP,Packungsbeilage,de,Wie ist X <einzunehmen> <anzuwenden>?,
15,11015,CAP,Packungsbeilage,de,Anwendung bei Kindern <und Jugendlichen>,
16,11016,CAP,Packungsbeilage,de,"Wenn Sie eine größere Menge von X <eingenommen> <angewendet> haben, als Sie sollten",
17,11017,CAP,Packungsbeilage,de,Wenn Sie die <Einnahme> <Anwendung> von X vergessen haben,
18,11018,CAP,Packungsbeilage,de,Wenn Sie die <Einnahme> <Anwendung> von X abbrechen,
19,11019,CAP,Packungsbeilage,de,Welche Nebenwirkungen sind möglich?,
20,11020,CAP,Packungsbeilage,de,Zusätzliche Nebenwirkungen bei Kindern <und Jugendlichen>,
21,11021,CAP,Packungsbeilage,de,Meldung von Nebenwirkungen,
22,11022,CAP,Packungsbeilage,de,Wie ist X aufzubewahren?,
23,11023,CAP,Packungsbeilage,de,Inhalt der Packung und weitere Informationen,
24,11024,CAP,Packungsbeilage,de,Was X enthält,
25,11025,CAP,Packungsbeilage,de,Wie X aussieht und Inhalt der Packung,
26,11026,CAP,Packungsbeilage,de,Pharmazeutischer Unternehmer und Hersteller,
27,11027,CAP,Packungsbeilage,de,"Falls Sie weitere Informationen über das Arzneimittel wünschen, setzen Sie sich bitte mit dem örtlichen Vertreter des pharmazeutischen Unternehmers in Verbindung:",
28,11028,CAP,Packungsbeilage,de,Diese Packungsbeilage wurde zuletzt überarbeitet im <{MM.JJJJ}> <{Monat JJJJ}>.,
29,11029,CAP,Packungsbeilage,de,Weitere Informationsquellen,
30,11030,CAP,Packungsbeilage,de,Die folgenden Informationen sind für medizinisches Fachpersonal bestimmt:,
1,12001,CAP,SmPC,es,FICHA TÉCNICA O RESUMEN DE LAS CARACTERÍSTICAS DEL PRODUCTO,
2,12002,CAP,SmPC,es,"qEste medicamento está sujeto a seguimiento adicional, lo que agilizará la detección de nueva información sobre su seguridad. Se invita a los profesionales sanitarios a notificar las sospechas de reacciones adversas. Ver  la sección 4.8, en la que se incluye información sobre cómo notificarlas.",
3,12003,CAP,SmPC,es,NOMBRE DEL MEDICAMENTO,
4,12004,CAP,SmPC,es,COMPOSICIÓN CUALITATIVA Y CUANTITATIVA,
5,12005,CAP,SmPC,es,Descripción general,
6,12006,CAP,SmPC,es,Composición cualitativa y cuantitativa,
7,12007,CAP,SmPC,es,Excipiente(s) con efecto conocido,
8,12008,CAP,SmPC,es,FORMA FARMACÉUTICA,
9,12009,CAP,SmPC,es,DATOS CLÍNICOS,
10,12010,CAP,SmPC,es,Indicaciones terapéuticas,
11,12011,CAP,SmPC,es,Posología y forma de administración,
12,12012,CAP,SmPC,es,Posología,
13,12013,CAP,SmPC,es,Población pediátrica,
14,12014,CAP,SmPC,es,Forma de administración ,
15,12015,CAP,SmPC,es,Precauciones que se deben tomar antes de manipular o administrar el medicamento,
16,12016,CAP,SmPC,es,Contraindicaciones,
17,12017,CAP,SmPC,es,Advertencias y precauciones especiales de empleo,
18,12018,CAP,SmPC,es,Trazabilidad,
19,12019,CAP,SmPC,es,Población pediátrica,
20,12020,CAP,SmPC,es,Interacción con otros medicamentos y otras formas de interacción,
21,12021,CAP,SmPC,es,Población pediátrica,
22,12022,CAP,SmPC,es,"Fertilidad, embarazo y lactancia",
23,12023,CAP,SmPC,es,Embarazo,
24,12024,CAP,SmPC,es,Lactancia,
25,12025,CAP,SmPC,es,Fertilidad,
26,12026,CAP,SmPC,es,Efectos sobre la capacidad para conducir y utilizar máquinas,
27,12027,CAP,SmPC,es,Reacciones adversas,
28,12028,CAP,SmPC,es,Población pediátrica,
29,12029,CAP,SmPC,es,Notificación de sospechas de reacciones adversas,
30,12030,CAP,SmPC,es,Sobredosis,
31,12031,CAP,SmPC,es,Población pediátrica,
32,12032,CAP,SmPC,es,PROPIEDADES FARMACOLÓGICAS,
33,12033,CAP,SmPC,es,Propiedades farmacodinámicas,
34,12034,CAP,SmPC,es,Mecanismo de acción,
35,12035,CAP,SmPC,es,Efectos farmacodinámicos,
36,12036,CAP,SmPC,es,Eficacia clínica y seguridad,
37,12037,CAP,SmPC,es,Población pediátrica,
38,12038,CAP,SmPC,es,Propiedades farmacocinéticas,
39,12039,CAP,SmPC,es,Absorción,
40,12040,CAP,SmPC,es,Distribución,
41,12041,CAP,SmPC,es,Biotransformación,
42,12042,CAP,SmPC,es,Eliminación,
43,12043,CAP,SmPC,es,Linealidad/No linealidad,
44,12044,CAP,SmPC,es,Relación(es) farmacocinéticas/farmacodinámica(s),
45,12045,CAP,SmPC,es,Datos preclínicos sobre seguridad,
46,12046,CAP,SmPC,es,"Evaluación del riesgo medioambiental (ERA, por sus siglas en inglés)",
47,12047,CAP,SmPC,es,DATOS FARMACÉUTICOS,
48,12048,CAP,SmPC,es,Lista de excipientes,
49,12049,CAP,SmPC,es,Incompatibilidades,
50,12050,CAP,SmPC,es,Periodo de validez,
51,12051,CAP,SmPC,es,Precauciones especiales de conservación,
52,12052,CAP,SmPC,es,"Naturaleza y contenido del envase <y de los equipos especiales para su utilización, administración o implantación>",
53,12053,CAP,SmPC,es,Precauciones especiales de eliminación <y otras manipulaciones>,
54,12054,CAP,SmPC,es,Uso en la población pediátrica ,
55,12055,CAP,SmPC,es,TITULAR DE LA AUTORIZACIÓN DE COMERCIALIZACIÓN,
56,12056,CAP,SmPC,es,NÚMERO(S) DE AUTORIZACIÓN DE COMERCIALIZACIÓN ,
57,12057,CAP,SmPC,es,FECHA DE LA PRIMERA AUTORIZACIÓN/RENOVACIÓN DE LA AUTORIZACIÓN,
58,12058,CAP,SmPC,es,FECHA DE LA REVISIÓN DEL TEXTO,
59,12059,CAP,SmPC,es,DOSIMETRÍA,
60,12060,CAP,SmPC,es,INSTRUCCIONES PARA LA PREPARACIÓN DE RADIOFÁRMACOS,
1,13001,CAP,AnnexII,es,ANEXO II,
2,13002,CAP,AnnexII,es,<FABRICANTE(S) DEL (DE LOS) PRINCIPIO(S) ACTIVO(S) BIOLÓGICO(S) Y> FABRICANTE(S) RESPONSABLE(S) DE LA LIBERACIÓN DE LOS LOTES,
3,13003,CAP,AnnexII,es,Nombre y dirección del (de los) fabricante(s) del (de los) principio(s) activo(s) biológico(s).,
4,13004,CAP,AnnexII,es,Nombre y dirección del (de los) fabricante(s) responsable(s) de la liberación de los lotes,
5,13005,CAP,AnnexII,es,CONDICIONES O RESTRICCIONES DE SUMINISTRO Y USO ,
6,13006,CAP,AnnexII,es,Liberación oficial de los lotes,
7,13007,CAP,AnnexII,es,OTRAS CONDICIONES Y REQUISITOS DE LA AUTORIZACIÓN DE COMERCIALIZACIÓN,
8,13008,CAP,AnnexII,es,Informes periódicos de seguridad (IPSs),
9,13009,CAP,AnnexII,es,CONDICIONES O RESTRICCIONES EN RELACIÓN CON LA UTILIZACIÓN SEGURA Y EFICAZ DEL MEDICAMENTO  ,
10,13010,CAP,AnnexII,es,Plan de gestión de riesgos (PGR),
11,13011,CAP,AnnexII,es,Medidas adicionales de minimización de riesgos,
12,13012,CAP,AnnexII,es,Obligación de llevar a cabo medidas posautorización,
13,13013,CAP,AnnexII,es,OBLIGACIÓN ESPECÍFICA DE LLEVAR A CABO MEDIDAS POSAUTORIZACIÓN EN RELACIÓN <CON UNA AUTORIZACIÓN DE COMERCIALIZACIÓN CONDICIONAL><CON UNA AUTORIZACIÓN DE COMERCIALIZACIÓN EN CIRCUNSTANCIAS EXCEPCIONALES,
1,14001,CAP,Labelling,es,ETIQUETADO,
2,14002,CAP,Labelling,es,INFORMACIÓN QUE DEBE FIGURAR EN <EL EMBALAJE EXTERIOR><Y><EL ACONDICIONAMIENTO PRIMARIO>,
3,14003,CAP,Labelling,es,NOMBRE DEL MEDICAMENTO,
4,14004,CAP,Labelling,es,PRINCIPIO(S) ACTIVO(S),
5,14005,CAP,Labelling,es,LISTA DE EXCIPIENTES,
6,14006,CAP,Labelling,es,FORMA FARMACÉUTICA Y CONTENIDO DEL ENVASE,
7,14007,CAP,Labelling,es,FORMA Y VÍA(S) DE ADMINISTRACIÓN,
8,14008,CAP,Labelling,es,ADVERTENCIA ESPECIAL DE QUE EL MEDICAMENTO DEBE MANTENERSE FUERA DE LA VISTA Y DEL ALCANCE DE LOS NIÑOS,
9,14009,CAP,Labelling,es,"OTRA(S) ADVERTENCIA(S) ESPECIAL(ES), SI ES NECESARIO",
10,14010,CAP,Labelling,es,FECHA DE CADUCIDAD,
11,14011,CAP,Labelling,es,CONDICIONES ESPECIALES DE CONSERVACIÓN,
12,14012,CAP,Labelling,es,"PRECAUCIONES ESPECIALES DE ELIMINACIÓN DEL MEDICAMENTO NO UTILIZADO Y DE LOS MATERIALES DERIVADOS DE SU USO, CUANDO CORRESPONDA",
13,14013,CAP,Labelling,es,NOMBRE Y DIRECCIÓN DEL TITULAR DE LA AUTORIZACIÓN DE COMERCIALIZACIÓN,
14,14014,CAP,Labelling,es,NÚMERO(S) DE AUTORIZACIÓN DE COMERCIALIZACIÓN ,
15,14015,CAP,Labelling,es,"NÚMERO DE LOTE <, CÓDIGO DE DONACIÓN Y DEL PRODUCTO >",
16,14016,CAP,Labelling,es,CONDICIONES GENERALES DE DISPENSACIÓN,
17,14017,CAP,Labelling,es,INSTRUCCIONES DE USO,
18,14018,CAP,Labelling,es,INFORMACIÓN EN BRAILLE,
19,14019,CAP,Labelling,es,IDENTIFICADOR ÚNICO - CÓDIGO DE BARRAS 2D,
20,14020,CAP,Labelling,es,IDENTIFICADOR ÚNICO - INFORMACIÓN EN CARACTERES VISUALES,
21,14021,CAP,Labelling,es,INFORMACIÓN MÍNIMA A INCLUIR EN BLÍSTERES O TIRAS,
22,14022,CAP,Labelling,es,NOMBRE DEL MEDICAMENTO,
23,14023,CAP,Labelling,es,NOMBRE DEL TITULAR DE LA AUTORIZACIÓN DE COMERCIALIZACIÓN,
24,14024,CAP,Labelling,es,FECHA DE CADUCIDAD,
25,14025,CAP,Labelling,es,"NÚMERO DE LOTE <, CÓDIGO DE DONACIÓN Y DEL PRODUCTO >",
26,14026,CAP,Labelling,es,OTROS,
27,14027,CAP,Labelling,es,INFORMACIÓN MÍNIMA QUE DEBE INCLUIRSE EN PEQUEÑOS ACONDICIONAMIENTOS PRIMARIOS,
28,14028,CAP,Labelling,es,NOMBRE DEL MEDICAMENTO Y VÍA(S) DE ADMINISTRACIÓN,
29,14029,CAP,Labelling,es,FORMA DE ADMINISTRACIÓN,
30,14030,CAP,Labelling,es,FECHA DE CADUCIDAD,
31,14031,CAP,Labelling,es,"NÚMERO DE LOTE <, CÓDIGO DE DONACIÓN Y DEL PRODUCTO >",
32,14032,CAP,Labelling,es,"CONTENIDO EN PESO, EN VOLUMEN O EN UNIDADES",
33,14033,CAP,Labelling,es,OTROS,
1,15001,CAP,Package leaflet,es,PROSPECTO,
2,15002,CAP,Package leaflet,es,"q Este medicamento está sujeto a seguimiento adicional, lo que agilizará la detección de nueva información sobre su seguridad. Puede contribuir comunicando los efectos adversos que pudiera usted tener. La parte final de la sección 4 incluye información sobre cómo comunicar estos efectos adversos.",
3,15003,CAP,Package leaflet,es,Contenido del prospecto,
4,15004,CAP,Package leaflet,es,Qué es X y para qué se utiliza,
5,15005,CAP,Package leaflet,es,Qué necesita saber antes de empezar a <tomar><usar> X,
6,15006,CAP,Package leaflet,es,No <tome><use> X,
7,15007,CAP,Package leaflet,es,Advertencias y precauciones ,
8,15008,CAP,Package leaflet,es,Niños <y adolescentes>,
9,15009,CAP,Package leaflet,es,Otros medicamentos y X,
10,15010,CAP,Package leaflet,es,"<Uso><Toma> de X con <alimentos><y><,><bebidas><y><alcohol>",
11,15011,CAP,Package leaflet,es,"Embarazo <y><,> lactancia <y fertilidad>",
12,15012,CAP,Package leaflet,es,Conducción y uso de máquinas,
13,15013,CAP,Package leaflet,es,X contiene {nombre del (de los) excipiente(s)},
14,15014,CAP,Package leaflet,es,Cómo <tomar><usar> X,
15,15015,CAP,Package leaflet,es,Uso en niños <y adolescentes>,
16,15016,CAP,Package leaflet,es,Si <toma><usa> más X del que debe,
17,15017,CAP,Package leaflet,es,Si olvidó <tomar><usar> X,
18,15018,CAP,Package leaflet,es,Si interrumpe el tratamiento con X,
19,15019,CAP,Package leaflet,es,Posibles efectos adversos,
20,15020,CAP,Package leaflet,es,Otros efectos adversos en niños <y adolescentes>,
21,15021,CAP,Package leaflet,es,Comunicación de efectos adversos,
22,15022,CAP,Package leaflet,es,Conservación de X,
23,15023,CAP,Package leaflet,es,Contenido del envase e información adicional,
24,15024,CAP,Package leaflet,es,Composición de X ,
25,15025,CAP,Package leaflet,es,Aspecto del producto y contenido del envase,
26,15026,CAP,Package leaflet,es,Titular de la autorización de comercialización y responsable de la fabricación,
27,15027,CAP,Package leaflet,es,Pueden solicitar más información respecto a este medicamento dirigiéndose al representante local del titular de la autorización de comercialización:,
28,15028,CAP,Package leaflet,es,Fecha de la última revisión de este prospecto: <{MM/AAAA}><{mes AAAA}>.,
29,15029,CAP,Package leaflet,es,Otras fuentes de información,
30,15030,CAP,Package leaflet,es,Esta información está destinada únicamente a profesionales sanitarios:,
1,16001,CAP,SmPC,et,RAVIMI OMADUSTE KOKKUVÕTE,
2,16002,CAP,SmPC,et,"qSellele ravimile kohaldatakse täiendavat järelevalvet, mis võimaldab kiiresti tuvastada uut ohutusteavet. Tervishoiutöötajatel palutakse teatada kõigist võimalikest kõrvaltoimetest. Kõrvaltoimetest teatamise kohta vt lõik 4.8.>",
3,16003,CAP,SmPC,et,RAVIMPREPARAADI NIMETUS,
4,16004,CAP,SmPC,et,KVALITATIIVNE JA KVANTITATIIVNE KOOSTIS,
5,16005,CAP,SmPC,et,Üldkirjeldus,
6,16006,CAP,SmPC,et,Kvalitatiivne ja kvantitatiivne koostis,
7,16007,CAP,SmPC,et,Teadaolevat toimet omav(ad) abiaine(d),
8,16008,CAP,SmPC,et,RAVIMVORM,
9,16009,CAP,SmPC,et,KLIINILISED ANDMED,
10,16010,CAP,SmPC,et,Näidustused,
11,16011,CAP,SmPC,et,Annustamine ja manustamisviis,
12,16012,CAP,SmPC,et,Annustamine,
13,16013,CAP,SmPC,et,Lapsed,
14,16014,CAP,SmPC,et,Manustamisviis,
15,16015,CAP,SmPC,et,Enne ravimi käsitsemist või manustamist tuleb järgida ettevaatusabinõusid,
16,16016,CAP,SmPC,et,Vastunäidustused,
17,16017,CAP,SmPC,et,Erihoiatused ja ettevaatusabinõud kasutamisel,
18,16018,CAP,SmPC,et,Jälgitavus,
19,16019,CAP,SmPC,et,Lapsed,
20,16020,CAP,SmPC,et,Koostoimed teiste ravimitega ja muud koostoimed,
21,16021,CAP,SmPC,et,Lapsed,
22,16022,CAP,SmPC,et,"Fertiilsus, rasedus ja imetamine",
23,16023,CAP,SmPC,et,Rasedus,
24,16024,CAP,SmPC,et,Imetamine,
25,16025,CAP,SmPC,et,Fertiilsus,
26,16026,CAP,SmPC,et,Toime reaktsioonikiirusele,
27,16027,CAP,SmPC,et,Kõrvaltoimed,
28,16028,CAP,SmPC,et,Lapsed,
29,16029,CAP,SmPC,et,Võimalikest kõrvaltoimetest teatamine,
30,16030,CAP,SmPC,et,Üleannustamine,
31,16031,CAP,SmPC,et,Lapsed,
32,16032,CAP,SmPC,et,FARMAKOLOOGILISED OMADUSED,
33,16033,CAP,SmPC,et,Farmakodünaamilised omadused,
34,16034,CAP,SmPC,et,Toimemehhanism,
35,16035,CAP,SmPC,et,Farmakodünaamilised toimed,
36,16036,CAP,SmPC,et,Kliiniline efektiivsus ja ohutus,
37,16037,CAP,SmPC,et,Lapsed,
38,16038,CAP,SmPC,et,Farmakokineetilised omadused,
39,16039,CAP,SmPC,et,Imendumine,
40,16040,CAP,SmPC,et,Jaotumine,
41,16041,CAP,SmPC,et,Biotransformatsioon,
42,16042,CAP,SmPC,et,Eritumine,
43,16043,CAP,SmPC,et,Lineaarsus/mittelineaarsus,
44,16044,CAP,SmPC,et,Farmakokineetilised/farmakodünaamilised toimed,
45,16045,CAP,SmPC,et,Prekliinilised ohutusandmed,
46,16046,CAP,SmPC,et,Keskkonnariski hindamine,
47,16047,CAP,SmPC,et,FARMATSEUTILISED ANDMED,
48,16048,CAP,SmPC,et,Abiainete loetelu,
49,16049,CAP,SmPC,et,Sobimatus,
50,16050,CAP,SmPC,et,Kõlblikkusaeg,
51,16051,CAP,SmPC,et,Säilitamise eritingimused,
52,16052,CAP,SmPC,et,"Pakendi iseloomustus ja sisu <ja kasutamise, manustamise või implanteerimise erivahendid>",
53,16053,CAP,SmPC,et,Erihoiatused ravimpreparaadi hävitamiseks <ja käsitlemiseks>,
54,16054,CAP,SmPC,et,Kasutamine lastel,
55,16055,CAP,SmPC,et,MÜÜGILOA HOIDJA,
56,16056,CAP,SmPC,et,MÜÜGILOA NUMBER (NUMBRID) ,
57,16057,CAP,SmPC,et,ESMASE MÜÜGILOA VÄLJASTAMISE/MÜÜGILOA UUENDAMISE KUUPÄEV,
58,16058,CAP,SmPC,et,TEKSTI LÄBIVAATAMISE KUUPÄEV,
59,16059,CAP,SmPC,et,DOSIMEETRIA,
60,16060,CAP,SmPC,et,RADIOFARMATSEUTILISE PREPARAADI VALMISTAMISE JUHEND,
1,17001,CAP,AnnexII,et,II LISA,
2,17002,CAP,AnnexII,et,<BIOLOOGILIS(T)E TOIMEAINE(TE) TOOTJA(D) JA> RAVIMIPARTII KASUTAMISEKS VABASTAMISE EEST VASTUTAV(AD) TOOTJA(D),
3,17003,CAP,AnnexII,et,Bioloogilis(t)e toimeaine(te) tootja(te) nimi (nimed) ja aadress(id),
4,17004,CAP,AnnexII,et,Ravimipartii kasutamiseks vabastamise eest vastutava(te) tootja(te) nimi ja aadress,
5,17005,CAP,AnnexII,et,HANKE- JA KASUTUSTINGIMUSED VÕI PIIRANGUD,
6,17006,CAP,AnnexII,et,Ravimipartii ametlik kasutamiseks vabastamine,
7,17007,CAP,AnnexII,et,MÜÜGILOA MUUD TINGIMUSED JA NÕUDED,
8,17008,CAP,AnnexII,et,Perioodilised ohutusaruanded,
9,17009,CAP,AnnexII,et,RAVIMPREPARAADI OHUTU JA EFEKTIIVSE KASUTAMISE TINGIMUSED JA PIIRANGUD,
10,17010,CAP,AnnexII,et,Riskijuhtimiskava,
11,17011,CAP,AnnexII,et,Riski minimeerimise lisameetmed,
12,17012,CAP,AnnexII,et,Müügiloajärgsed kohustused,
13,17013,CAP,AnnexII,et,ERIKOHUSTUSED <TINGIMUSLIKU MÜÜGILOA> <ERANDLIKEL ASJAOLUDEL VÄLJAANTUD MÜÜGILOA> JÄRGSETE MEETMETE TÄITMISEKS,
1,18001,CAP,Labelling,et,PAKENDI MÄRGISTUS,
2,18002,CAP,Labelling,et,<VÄLISPAKENDIL> <JA> <SISEPAKENDIL> PEAVAD OLEMA JÄRGMISED ANDMED,
3,18003,CAP,Labelling,et,RAVIMPREPARAADI NIMETUS,
4,18004,CAP,Labelling,et,TOIMEAINE(TE) SISALDUS,
5,18005,CAP,Labelling,et,ABIAINED,
6,18006,CAP,Labelling,et,RAVIMVORM JA PAKENDI SUURUS,
7,18007,CAP,Labelling,et,MANUSTAMISVIIS JA -TEE(D),
8,18008,CAP,Labelling,et,"ERIHOIATUS, ET RAVIMIT TULEB HOIDA LASTE EEST VARJATUD JA KÄTTESAAMATUS KOHAS",
9,18009,CAP,Labelling,et,TEISED ERIHOIATUSED (VAJADUSEL),
10,18010,CAP,Labelling,et,KÕLBLIKKUSAEG,
11,18011,CAP,Labelling,et,SÄILITAMISE ERITINGIMUSED,
12,18012,CAP,Labelling,et,"ERINÕUDED KASUTAMATA JÄÄNUD RAVIMPREPARAADI VÕI SELLEST TEKKINUD JÄÄTMEMATERJALI HÄVITAMISEKS, VASTAVALT VAJADUSELE",
13,18013,CAP,Labelling,et,MÜÜGILOA HOIDJA NIMI JA AADRESS,
14,18014,CAP,Labelling,et,MÜÜGILOA NUMBER (NUMBRID),
15,18015,CAP,Labelling,et,PARTII NUMBER <ANNETUSE KOOD(ID) JA TOOTEKOOD(ID)>,
16,18016,CAP,Labelling,et,RAVIMI VÄLJASTAMISTINGIMUSED,
17,18017,CAP,Labelling,et,KASUTUSJUHEND,
18,18018,CAP,Labelling,et,TEAVE BRAILLE’ KIRJAS (PUNKTKIRJAS),
19,18019,CAP,Labelling,et,AINULAADNE IDENTIFIKAATOR – 2D-vöötkood,
20,18020,CAP,Labelling,et,AINULAADNE IDENTIFIKAATOR – INIMLOETAVAD ANDMED,
21,18021,CAP,Labelling,et,"MINIMAALSED ANDMED, MIS PEAVAD OLEMA BLISTER- VÕI RIBAPAKENDIL",
22,18022,CAP,Labelling,et,RAVIMPREPARAADI NIMETUS,
23,18023,CAP,Labelling,et,MÜÜGILOA HOIDJA NIMI,
24,18024,CAP,Labelling,et,KÕLBLIKKUSAEG,
25,18025,CAP,Labelling,et,PARTII NUMBER <ANNETUSE KOOD(ID) JA TOOTEKOOD(ID)>,
26,18026,CAP,Labelling,et,MUU,
27,18027,CAP,Labelling,et,"MINIMAALSED ANDMED, MIS PEAVAD OLEMA VÄIKESEL VAHETUL SISEPAKENDIL",
28,18028,CAP,Labelling,et,RAVIMPREPARAADI NIMETUS JA MANUSTAMISTEE(D),
29,18029,CAP,Labelling,et,MANUSTAMISVIIS,
30,18030,CAP,Labelling,et,KÕLBLIKKUSAEG,
31,18031,CAP,Labelling,et,PARTII NUMBER <ANNETUSE KOOD(ID) JA TOOTEKOOD(ID)>,
32,18032,CAP,Labelling,et,"PAKENDI SISU KAALU, MAHU VÕI ÜHIKUTE JÄRGI",
33,18033,CAP,Labelling,et,MUU,
1,19001,CAP,Package leaflet,et,PAKENDI INFOLEHT,
2,19002,CAP,Package leaflet,et,"qSellele ravimile kohaldatakse täiendavat järelevalvet, mis võimaldab kiiresti tuvastada uut ohutusteavet. Te saate sellele kaasa aidata, teatades ravimi kõigist võimalikest kõrvaltoimetest. Kõrvaltoimetest teatamise kohta vt lõik 4.> ",
3,19003,CAP,Package leaflet,et,Infolehe sisukord,
4,19004,CAP,Package leaflet,et,Mis ravim on X ja milleks seda kasutatakse,
5,19005,CAP,Package leaflet,et,Mida on vaja teada enne X’i <võtmist> <kasutamist> ,
6,19006,CAP,Package leaflet,et,X’i ei tohi <võtta> <kasutada>,
7,19007,CAP,Package leaflet,et,Hoiatused ja ettevaatusabinõud,
8,19008,CAP,Package leaflet,et,Lapsed <ja noorukid>,
9,19009,CAP,Package leaflet,et,Muud ravimid ja X,
10,19010,CAP,Package leaflet,et,"X koos <toidu> <ja> <,> <joogi> <ja> <alkoholiga>",
11,19011,CAP,Package leaflet,et,"Rasedus <ja> <,> imetamine <ja viljakus>",
12,19012,CAP,Package leaflet,et,Autojuhtimine ja masinatega töötamine,
13,19013,CAP,Package leaflet,et,X sisaldab {abiaine(te) nimetus},
14,19014,CAP,Package leaflet,et,Kuidas X’i <võtta> <kasutada>,
15,19015,CAP,Package leaflet,et,Kasutamine lastel <ja noorukitel>,
16,19016,CAP,Package leaflet,et,"Kui te <võtate> <kasutate> X’i rohkem, kui ette nähtud",
17,19017,CAP,Package leaflet,et,Kui te unustate X’i <võtta> <kasutada>,
18,19018,CAP,Package leaflet,et,Kui te lõpetate X’i <võtmise> <kasutamise>,
19,19019,CAP,Package leaflet,et,Võimalikud kõrvaltoimed,
20,19020,CAP,Package leaflet,et,Täiendavad kõrvaltoimed lastel <ja noorukitel>,
21,19021,CAP,Package leaflet,et,Kõrvaltoimetest teatamine,
22,19022,CAP,Package leaflet,et,Kuidas X’i säilitada,
23,19023,CAP,Package leaflet,et,Pakendi sisu ja muu teave,
24,19024,CAP,Package leaflet,et,Mida X sisaldab,
25,19025,CAP,Package leaflet,et,Kuidas X välja näeb ja pakendi sisu,
26,19026,CAP,Package leaflet,et,Müügiloa hoidja ja tootja,
27,19027,CAP,Package leaflet,et,Lisaküsimuste tekkimisel selle ravimi kohta pöörduge palun müügiloa hoidja kohaliku esindaja poole:,
28,19028,CAP,Package leaflet,et,Infoleht on viimati uuendatud <KK.AAAA> <kuu AAAA>.,
29,19029,CAP,Package leaflet,et,Muud teabeallikad,
30,19030,CAP,Package leaflet,et,Järgmine teave on ainult tervishoiutöötajatele:,
1,20001,CAP,SmPC,nl,SAMENVATTING VAN DE PRODUCTKENMERKEN,
2,20002,CAP,SmPC,nl,qDit geneesmiddel is onderworpen aan aanvullende monitoring.  Daardoor kan snel nieuwe veiligheidsinformatie worden vastgesteld. Beroepsbeoefenaren in de gezondheidszorg wordt verzocht alle vermoedelijke bijwerkingen te melden. Zie rubriek 4.8 voor het rapporteren van bijwerkingen,
3,20003,CAP,SmPC,nl,NAAM VAN HET GENEESMIDDEL,
4,20004,CAP,SmPC,nl,KWALITATIEVE EN KWANTITATIEVE SAMENSTELLING,
5,20005,CAP,SmPC,nl,Algemene beschrijving,
6,20006,CAP,SmPC,nl,Kwalitatieve en kwantitatieve samenstelling,
7,20007,CAP,SmPC,nl,Hulpstof(fen) met bekend effect,
8,20008,CAP,SmPC,nl,FARMACEUTISCHE VORM,
9,20009,CAP,SmPC,nl,KLINISCHE GEGEVENS,
10,20010,CAP,SmPC,nl,Therapeutische indicaties,
11,20011,CAP,SmPC,nl,Dosering en wijze van toediening,
12,20012,CAP,SmPC,nl,Dosering,
13,20013,CAP,SmPC,nl,Pediatrische patiënten,
14,20014,CAP,SmPC,nl,Wijze van toediening,
15,20015,CAP,SmPC,nl,Te nemen voorzorgen voorafgaand aan gebruik of toediening van het geneesmiddel,
16,20016,CAP,SmPC,nl,Contra-indicaties,
17,20017,CAP,SmPC,nl,Bijzondere waarschuwingen en voorzorgen bij gebruik,
18,20018,CAP,SmPC,nl,Terugvinden herkomst,
19,20019,CAP,SmPC,nl,Pediatrische patiënten,
20,20020,CAP,SmPC,nl,Interacties met andere geneesmiddelen en andere vormen van interactie,
21,20021,CAP,SmPC,nl,Pediatrische patiënten,
22,20022,CAP,SmPC,nl,"Vruchtbaarheid, zwangerschap en borstvoeding",
23,20023,CAP,SmPC,nl,Zwangerschap,
24,20024,CAP,SmPC,nl,Borstvoeding,
25,20025,CAP,SmPC,nl,Vruchtbaarheid,
26,20026,CAP,SmPC,nl,Beïnvloeding van de rijvaardigheid en het vermogen om machines te bedienen,
27,20027,CAP,SmPC,nl,Bijwerkingen,
28,20028,CAP,SmPC,nl,Pediatrische patiënten,
29,20029,CAP,SmPC,nl,Melding van vermoedelijke bijwerkingen,
30,20030,CAP,SmPC,nl,Overdosering,
31,20031,CAP,SmPC,nl,Pediatrische patiënten,
32,20032,CAP,SmPC,nl,FARMACOLOGISCHE EIGENSCHAPPEN,
33,20033,CAP,SmPC,nl,Farmacodynamische eigenschappen,
34,20034,CAP,SmPC,nl,Werkingsmechanisme,
35,20035,CAP,SmPC,nl,Farmacodynamische effecten,
36,20036,CAP,SmPC,nl,Klinische werkzaamheid en veiligheid,
37,20037,CAP,SmPC,nl,Pediatrische patiënten,
38,20038,CAP,SmPC,nl,Farmacokinetische eigenschappen,
39,20039,CAP,SmPC,nl,Absorptie,
40,20040,CAP,SmPC,nl,Distributie,
41,20041,CAP,SmPC,nl,Biotransformatie,
42,20042,CAP,SmPC,nl,Eliminatie,
43,20043,CAP,SmPC,nl,Lineariteit/non-lineariteit,
44,20044,CAP,SmPC,nl,Farmacokinetische/farmacodynamische relatie(s),
45,20045,CAP,SmPC,nl,Gegevens uit het preklinisch veiligheidsonderzoek,
46,20046,CAP,SmPC,nl,Environmental risk assessment (ERA),
47,20047,CAP,SmPC,nl,FARMACEUTISCHE GEGEVENS,
48,20048,CAP,SmPC,nl,Lijst van hulpstoffen,
49,20049,CAP,SmPC,nl,Gevallen van onverenigbaarheid,
50,20050,CAP,SmPC,nl,Houdbaarheid,
51,20051,CAP,SmPC,nl,Speciale voorzorgsmaatregelen bij bewaren,
52,20052,CAP,SmPC,nl,"Aard en inhoud van de verpakking <en speciale benodigdheden voor gebruik, toediening of implantatie>",
53,20053,CAP,SmPC,nl,Speciale voorzorgsmaatregelen voor het verwijderen <en andere instructies>,
54,20054,CAP,SmPC,nl,Gebruik bij pediatrische patiënten,
55,20055,CAP,SmPC,nl,HOUDER VAN DE VERGUNNING VOOR HET IN DE HANDEL BRENGEN,
56,20056,CAP,SmPC,nl,NUMMER(S) VAN DE VERGUNNING VOOR HET IN DE HANDEL BRENGEN ,
57,20057,CAP,SmPC,nl,DATUM VAN EERSTE VERLENING VAN DE VERGUNNING/VERLENGING VAN DE VERGUNNING,
58,20058,CAP,SmPC,nl,DATUM VAN HERZIENING VAN DE TEKST,
59,20059,CAP,SmPC,nl,DOSIMETRIE,
60,20060,CAP,SmPC,nl,INSTRUCTIES VOOR DE BEREIDING VAN RADIOACTIEVE GENEESMIDDELEN,
1,21001,CAP,BIJLAGE II,nl,BIJLAGE II,
2,21002,CAP,BIJLAGE II,nl,<FABRIKANT(EN) VAN DE BIOLOGISCH WERKZAME STOF(FEN) EN >FABRIKANT(EN) VERANTWOORDELIJK VOOR VRIJGIFTE,
3,21003,CAP,BIJLAGE II,nl,Naam en adres van de fabrikant(en) van de biologisch werkzame stof(fen),
4,21004,CAP,BIJLAGE II,nl,Naam en adres van de fabrikant(en) verantwoordelijk voor vrijgifte,
5,21005,CAP,BIJLAGE II,nl,VOORWAARDEN OF BEPERKINGEN TEN AANZIEN VAN LEVERING EN GEBRUIK,
6,21006,CAP,BIJLAGE II,nl,Officiële vrijgifte van de batch,
7,21007,CAP,BIJLAGE II,nl,ANDERE VOORWAARDEN EN EISEN DIE DOOR DE HOUDER VAN DE HANDELSVERGUNNING MOETEN WORDEN NAGEKOMEN,
8,21008,CAP,BIJLAGE II,nl,Periodieke veiligheidsverslagen ,
9,21009,CAP,BIJLAGE II,nl,VOORWAARDEN OF BEPERKINGEN MET BETREKKING TOT EEN VEILIG EN DOELTREFFEND GEBRUIK VAN HET GENEESMIDDEL,
10,21010,CAP,BIJLAGE II,nl,Risk management plan (RMP),
11,21011,CAP,BIJLAGE II,nl,Extra risicobeperkende maatregelen,
12,21012,CAP,BIJLAGE II,nl,Verplichting tot het nemen van maatregelen na toekenning van de handelsvergunning,
13,21013,CAP,BIJLAGE II,nl,SPECIFIEKE VERPLICHTINGEN WAARAAN NA TOEKENNING VAN EEN <VOORWAARDELIJKE VERGUNNING> <VERGUNNING ONDER UITZONDERLIJKE VOORWAARDEN> MOET WORDEN VOLDAAN,
1,22001,CAP,ETIKETTERING,nl,ETIKETTERING,
2,22002,CAP,ETIKETTERING,nl,GEGEVENS DIE OP <DE BUITENVERPAKKING><EN> <DE PRIMAIRE VERPAKKING> MOETEN WORDEN VERMELD,
3,22003,CAP,ETIKETTERING,nl,NAAM VAN HET GENEESMIDDEL,
4,22004,CAP,ETIKETTERING,nl,GEHALTE AAN WERKZAME STOF(FEN),
5,22005,CAP,ETIKETTERING,nl,LIJST VAN HULPSTOFFEN,
6,22006,CAP,ETIKETTERING,nl,FARMACEUTISCHE VORM EN INHOUD,
7,22007,CAP,ETIKETTERING,nl,WIJZE VAN GEBRUIK EN TOEDIENINGSWEG(EN),
8,22008,CAP,ETIKETTERING,nl,EEN SPECIALE WAARSCHUWING DAT HET GENEESMIDDEL BUITEN HET ZICHT EN BEREIK VAN KINDEREN DIENT TE WORDEN GEHOUDEN,
9,22009,CAP,ETIKETTERING,nl,"ANDERE SPECIALE WAARSCHUWING(EN), INDIEN NODIG",
10,22010,CAP,ETIKETTERING,nl,UITERSTE GEBRUIKSDATUM,
11,22011,CAP,ETIKETTERING,nl,BIJZONDERE VOORZORGSMAATREGELEN VOOR DE BEWARING,
12,22012,CAP,ETIKETTERING,nl,BIJZONDERE VOORZORGSMAATREGELEN VOOR HET VERWIJDEREN VAN NIET-GEBRUIKTE GENEESMIDDELEN OF DAARVAN AFGELEIDE AFVALSTOFFEN (INDIEN VAN TOEPASSING),
13,22013,CAP,ETIKETTERING,nl,NAAM EN ADRES VAN DE HOUDER VAN DE VERGUNNING VOOR HET IN DE HANDEL BRENGEN,
14,22014,CAP,ETIKETTERING,nl,NUMMER(S) VAN DE VERGUNNING VOOR HET IN DE HANDEL BRENGEN ,
15,22015,CAP,ETIKETTERING,nl,"PARTIJNUMMER<, IDENTIFICATIE- EN PRODUCTCODES>",
16,22016,CAP,ETIKETTERING,nl,ALGEMENE INDELING VOOR DE AFLEVERING,
17,22017,CAP,ETIKETTERING,nl,INSTRUCTIES VOOR GEBRUIK,
18,22018,CAP,ETIKETTERING,nl,INFORMATIE IN BRAILLE,
19,22019,CAP,ETIKETTERING,nl,UNIEK IDENTIFICATIEKENMERK - 2D MATRIXCODE,
20,22020,CAP,ETIKETTERING,nl,UNIEK IDENTIFICATIEKENMERK - VOOR MENSEN LEESBARE GEGEVENS,
21,22021,CAP,ETIKETTERING,nl,GEGEVENS DIE IN IEDER GEVAL OP BLISTERVERPAKKINGEN OF STRIPS MOETEN WORDEN VERMELD,
22,22022,CAP,ETIKETTERING,nl,NAAM VAN HET GENEESMIDDEL,
23,22023,CAP,ETIKETTERING,nl,NAAM VAN DE HOUDER VAN DE VERGUNNING VOOR HET IN DE HANDEL BRENGEN,
24,22024,CAP,ETIKETTERING,nl,UITERSTE GEBRUIKSDATUM,
25,22025,CAP,ETIKETTERING,nl,"PARTIJNUMMER<, IDENTIFICATIE- EN PRODUCTCODES>",
26,22026,CAP,ETIKETTERING,nl,OVERIGE,
27,22027,CAP,ETIKETTERING,nl,GEGEVENS DIE IN IEDER GEVAL OP PRIMAIRE KLEINVERPAKKINGEN MOETEN WORDEN VERMELD,
28,22028,CAP,ETIKETTERING,nl,NAAM VAN HET GENEESMIDDEL EN DE TOEDIENINGSWEG(EN),
29,22029,CAP,ETIKETTERING,nl,NAAM VAN HET GENEESMIDDEL EN DE TOEDIENINGSWEG(EN),
30,22030,CAP,ETIKETTERING,nl,UITERSTE GEBRUIKSDATUM,
31,22031,CAP,ETIKETTERING,nl,"PARTIJNUMMER<, IDENTIFICATIE- EN PRODUCTCODES>",
32,22032,CAP,ETIKETTERING,nl,"INHOUD UITGEDRUKT IN GEWICHT, VOLUME OF EENHEID",
33,22033,CAP,ETIKETTERING,nl,OVERIGE,
1,23001,CAP,BIJSLUITER,nl,BIJSLUITER,
2,23002,CAP,BIJSLUITER,nl,q Dit geneesmiddel is onderworpen aan aanvullende monitoring. Daardoor kan snel nieuwe veiligheidsinformatie worden vastgesteld. U kunt hieraan bijdragen door melding te maken van alle bijwerkingen die u eventueel zou ervaren. Aan het einde van rubriek 4 leest u hoe u dat kunt doen,
3,23003,CAP,BIJSLUITER,nl,Inhoud van deze bijsluiter,
4,23004,CAP,BIJSLUITER,nl,Wat is X en waarvoor wordt dit middel <gebruikt><ingenomen>?,
5,23005,CAP,BIJSLUITER,nl,Wanneer mag u dit middel niet <gebruiken><innemen> of moet u er extra voorzichtig mee zijn?,
6,23006,CAP,BIJSLUITER,nl,Wanneer mag u dit middel niet gebruiken?,
7,23007,CAP,BIJSLUITER,nl,Wanneer moet u extra voorzichtig zijn met dit middel?,
8,23008,CAP,BIJSLUITER,nl,Kinderen <en jongeren tot 18 jaar>,
9,23009,CAP,BIJSLUITER,nl,<Gebruikt u nog andere geneesmiddelen?><Neemt u nog andere geneesmiddelen in?>,
10,23010,CAP,BIJSLUITER,nl,"Waarop moet u letten met <eten> <en> <,> <drinken> <en> <alcohol>?",
11,23011,CAP,BIJSLUITER,nl,"Zwangerschap <en> <,> borstvoeding <en vruchtbaarheid>",
12,23012,CAP,BIJSLUITER,nl,Rijvaardigheid en het gebruik van machines,
13,23013,CAP,BIJSLUITER,nl,X bevat {naam van de hulpstof(fen)},
14,23014,CAP,BIJSLUITER,nl,Hoe <gebruikt u dit middel><neemt u dit middel in>?,
15,23015,CAP,BIJSLUITER,nl,Gebruik bij kinderen <en jongeren tot 18 jaar>,
16,23016,CAP,BIJSLUITER,nl,Heeft u te veel van dit middel <gebruikt> <ingenomen>?,
17,23017,CAP,BIJSLUITER,nl,Bent u vergeten dit middel <te gebruiken> <in te nemen>?,
18,23018,CAP,BIJSLUITER,nl,Als u stopt met het <innemen> <gebruik> van dit middel,
19,23019,CAP,BIJSLUITER,nl,Mogelijke bijwerkingen,
20,23020,CAP,BIJSLUITER,nl,Extra bijwerkingen die bij kinderen <en jongeren tot 18 jaar> kunnen voorkomen,
21,23021,CAP,BIJSLUITER,nl,Het melden van bijwerkingen,
22,23022,CAP,BIJSLUITER,nl,Hoe bewaart u dit middel?,
23,23023,CAP,BIJSLUITER,nl,Inhoud van de verpakking en overige informatie,
24,23024,CAP,BIJSLUITER,nl,Welke stoffen zitten er in dit middel?,
25,23025,CAP,BIJSLUITER,nl,Hoe ziet X eruit en hoeveel zit er in een verpakking?,
26,23026,CAP,BIJSLUITER,nl,Houder van de vergunning voor het in de handel brengen en fabrikant,
27,23027,CAP,BIJSLUITER,nl,Neem voor alle informatie over dit geneesmiddel contact op met de lokale vertegenwoordiger van de houder van de vergunning voor het in de handel brengen:,
28,23028,CAP,BIJSLUITER,nl,Deze bijsluiter is voor het laatst goedgekeurd in <{MM/JJJJ}> <{maand JJJJ}>.,
29,23029,CAP,BIJSLUITER,nl,Andere informatiebronnen,
30,23030,CAP,BIJSLUITER,nl,De volgende informatie is alleen bestemd voor beroepsbeoefenaren in de gezondheidszorg:,
1,24001,CAP,SmPC,se,PRODUKTRESUMÉ,
2,24002,CAP,SmPC,se,qDetta läkemedel är föremål för utökad övervakning. Detta kommer att göra det möjligt att snabbt identifiera ny säkerhetsinformation. Hälso- och sjukvårdspersonal uppmanas att rapportera varje misstänkt biverkning. Se avsnitt 4.8 om hur man rapporterar biverkningar.,
3,24003,CAP,SmPC,se,LÄKEMEDLETS NAMN,
4,24004,CAP,SmPC,se,KVALITATIV OCH KVANTITATIV SAMMANSÄTTNING,
5,24005,CAP,SmPC,se,Allmän beskrivning,
6,24006,CAP,SmPC,se,Kvalitativ och kvantitativ sammansättning,
7,24007,CAP,SmPC,se,Hjälpämne(n) med känd effekt,
8,24008,CAP,SmPC,se,LÄKEMEDELSFORM,
9,24009,CAP,SmPC,se,KLINISKA UPPGIFTER,
10,24010,CAP,SmPC,se,Terapeutiska indikationer,
11,24011,CAP,SmPC,se,Dosering och administreringssätt,
12,24012,CAP,SmPC,se,Dosering,
13,24013,CAP,SmPC,se,Pediatrisk population,
14,24014,CAP,SmPC,se,Administreringssätt,
15,24015,CAP,SmPC,se,Försiktighetsåtgärder före hantering eller administrering av läkemedlet,
16,24016,CAP,SmPC,se,Kontraindikationer,
17,24017,CAP,SmPC,se,Varningar och försiktighet,
18,24018,CAP,SmPC,se,Spårbarhet,
19,24019,CAP,SmPC,se,Pediatrisk population,
20,24020,CAP,SmPC,se,Interaktioner med andra läkemedel och övriga interaktioner,
21,24021,CAP,SmPC,se,Pediatrisk population,
22,24022,CAP,SmPC,se,"Fertilitet, graviditet och amning",
23,24023,CAP,SmPC,se,Graviditet,
24,24024,CAP,SmPC,se,Amning,
25,24025,CAP,SmPC,se,Fertilitet,
26,24026,CAP,SmPC,se,Effekter på förmågan att framföra fordon och använda maskiner,
27,24027,CAP,SmPC,se,Biverkningar,
28,24028,CAP,SmPC,se,Pediatrisk population,
29,24029,CAP,SmPC,se,Rapportering av misstänkta biverkningar,
30,24030,CAP,SmPC,se,Överdosering,
31,24031,CAP,SmPC,se,Pediatrisk population,
32,24032,CAP,SmPC,se,FARMAKOLOGISKA EGENSKAPER,
33,24033,CAP,SmPC,se,Farmakodynamiska egenskaper,
34,24034,CAP,SmPC,se,Verkningsmekanism,
35,24035,CAP,SmPC,se,Farmakodynamisk effekt,
36,24036,CAP,SmPC,se,Klinisk effekt och säkerhet,
37,24037,CAP,SmPC,se,Pediatrisk population,
38,24038,CAP,SmPC,se,Farmakokinetiska egenskaper,
39,24039,CAP,SmPC,se,Absorption,
40,24040,CAP,SmPC,se,Distribution,
41,24041,CAP,SmPC,se,Metabolism,
42,24042,CAP,SmPC,se,Eliminering,
43,24043,CAP,SmPC,se,Linjäritet/icke-linjäritet,
44,24044,CAP,SmPC,se,Farmakokinetiskt (Farmakokinetiska)/farmakodynamiskt (farmakodynamiska) förhållande(n),
45,24045,CAP,SmPC,se,Prekliniska säkerhetsuppgifter,
46,24046,CAP,SmPC,se,Miljöriskbedömning,
47,24047,CAP,SmPC,se,FARMACEUTISKA UPPGIFTER,
48,24048,CAP,SmPC,se,Förteckning över hjälpämnen,
49,24049,CAP,SmPC,se,Inkompatibiliteter,
50,24050,CAP,SmPC,se,Hållbarhet,
51,24051,CAP,SmPC,se,Särskilda förvaringsanvisningar,
52,24052,CAP,SmPC,se,"Förpackningstyp och innehåll <och utrustning för användning, administrering eller implantation>",
53,24053,CAP,SmPC,se,Särskilda anvisningar för destruktion <och övrig hantering>,
54,24054,CAP,SmPC,se,Användning i den pediatriska populationen,
55,24055,CAP,SmPC,se,INNEHAVARE AV GODKÄNNANDE FÖR FÖRSÄLJNING,
56,24056,CAP,SmPC,se,NUMMER PÅ GODKÄNNANDE FÖR FÖRSÄLJNING ,
57,24057,CAP,SmPC,se,DATUM FÖR FÖRSTA GODKÄNNANDE/FÖRNYAT GODKÄNNANDE,
58,24058,CAP,SmPC,se,DATUM FÖR ÖVERSYN AV PRODUKTRESUMÉN,
59,24059,CAP,SmPC,se,ABSORBERAD DOS OCH EFFEKTIV DOS,
60,24060,CAP,SmPC,se,INSTRUKTION FÖR BEREDNING AV RADIOFARMAKA,
1,25001,CAP,AnnexII,se,BILAGA II,
2,25002,CAP,AnnexII,se,< TILLVERKARE AV DEN (DE) AKTIVA SUBSTANSEN (SUBSTANSERNA) AV BIOLOGISKT URSPRUNG OCH > TILLVERKARE SOM ANSVARAR FÖR FRISLÄPPANDE AV TILLVERKNINGSSATS,
3,25003,CAP,AnnexII,se,Namn och adress till tillverkare av aktiv(a) substans(er) av biologiskt ursprung,
4,25004,CAP,AnnexII,se,Namn och adress till tillverkare som ansvarar för frisläppande av tillverkningssats,
5,25005,CAP,AnnexII,se,VILLKOR ELLER BEGRÄNSNINGAR FÖR TILLHANDAHÅLLANDE OCH ANVÄNDNING ,
6,25006,CAP,AnnexII,se,Officiellt frisläppande av tillverkningssats,
7,25007,CAP,AnnexII,se,ÖVRIGA VILLKOR OCH KRAV FÖR GODKÄNNANDET FÖR FÖRSÄLJNING,
8,25008,CAP,AnnexII,se,Periodiska säkerhetsrapporter,
9,25009,CAP,AnnexII,se,VILLKOR ELLER BEGRÄNSNINGAR AVSEENDE EN SÄKER OCH EFFEKTIV ANVÄNDNING AV LÄKEMEDLET  ,
10,25010,CAP,AnnexII,se,Riskhanteringsplan,
11,25011,CAP,AnnexII,se,Ytterligare riskminimeringsåtgärder,
12,25012,CAP,AnnexII,se,Skyldighet att vidta åtgärder efter godkännande för försäljning,
13,25013,CAP,AnnexII,se,SÄRSKILDA VILLKOR SOM SKA KOMPLETTERA ÅTAGANDEN EFTER GODKÄNNANDET FÖR FÖRSÄLJNING <FÖR DET VILLKORADE GODKÄNNANDET> <FÖR GODKÄNNANDET I UNDANTAGSFALL>,
1,26001,CAP,Labelling,se,MÄRKNING,
2,26002,CAP,Labelling,se,UPPGIFTER SOM SKA FINNAS PÅ <YTTRE FÖRPACKNINGEN> <OCH PÅ> <INNERFÖRPACKNINGEN>,
3,26003,CAP,Labelling,se,LÄKEMEDLETS NAMN,
4,26004,CAP,Labelling,se,DEKLARATION AV AKTIV(A) SUBSTANS(ER),
5,26005,CAP,Labelling,se,FÖRTECKNING ÖVER HJÄLPÄMNEN,
6,26006,CAP,Labelling,se,LÄKEMEDELSFORM OCH FÖRPACKNINGSSTORLEK,
7,26007,CAP,Labelling,se,ADMINISTRERINGSSÄTT OCH ADMINISTRERINGSVÄG,
8,26008,CAP,Labelling,se,SÄRSKILD VARNING OM ATT LÄKEMEDLET MÅSTE FÖRVARAS UTOM SYN- OCH RÄCKHÅLL FÖR BARN,
9,26009,CAP,Labelling,se,ÖVRIGA SÄRSKILDA VARNINGAR OM SÅ ÄR NÖDVÄNDIGT,
10,26010,CAP,Labelling,se,UTGÅNGSDATUM,
11,26011,CAP,Labelling,se,SÄRSKILDA FÖRVARINGSANVISNINGAR,
12,26012,CAP,Labelling,se,SÄRSKILDA FÖRSIKTIGHETSÅTGÄRDER FÖR DESTRUKTION AV EJ ANVÄNT LÄKEMEDEL OCH AVFALL I FÖREKOMMANDE FALL,
13,26013,CAP,Labelling,se,INNEHAVARE AV GODKÄNNANDE FÖR FÖRSÄLJNING (NAMN OCH ADRESS),
14,26014,CAP,Labelling,se,NUMMER PÅ GODKÄNNANDE FÖR FÖRSÄLJNING ,
15,26015,CAP,Labelling,se,"TILLVERKNINGSSATSNUMMER <, DONATIONS- OCH PRODUKTKODER>",
16,26016,CAP,Labelling,se,ALLMÄN KLASSIFICERING FÖR FÖRSKRIVNING,
17,26017,CAP,Labelling,se,BRUKSANVISNING,
18,26018,CAP,Labelling,se,INFORMATION I PUNKTSKRIFT,
19,26019,CAP,Labelling,se,UNIK IDENTITETSBETECKNING – TVÅDIMENSIONELL STRECKKOD ,
20,26020,CAP,Labelling,se,UNIK IDENTITETSBETECKNING – I ETT FORMAT LÄSBART FÖR MÄNSKLIGT ÖGA,
21,26021,CAP,Labelling,se,UPPGIFTER SOM SKA FINNAS PÅ BLISTER ELLER STRIPS,
22,26022,CAP,Labelling,se,LÄKEMEDLETS NAMN,
23,26023,CAP,Labelling,se,INNEHAVARE AV GODKÄNNANDE FÖR FÖRSÄLJNING,
24,26024,CAP,Labelling,se,UTGÅNGSDATUM,
25,26025,CAP,Labelling,se,"TILLVERKNINGSSATSNUMMER <, DONATIONS- OCH PRODUKTKODER",
26,26026,CAP,Labelling,se,ÖVRIGT,
27,26027,CAP,Labelling,se,UPPGIFTER SOM SKA FINNAS PÅ SMÅ INRE LÄKEMEDELSFÖRPACKNINGAR,
28,26028,CAP,Labelling,se,LÄKEMEDLETS NAMN OCH ADMINISTRERINGSVÄG,
29,26029,CAP,Labelling,se,ADMINISTRERINGSSÄTT,
30,26030,CAP,Labelling,se,UTGÅNGSDATUM,
31,26031,CAP,Labelling,se,"TILLVERKNINGSSATSNUMMER <, DONATIONS- OCH PRODUKTKODER>",
32,26032,CAP,Labelling,se,"MÄNGD UTTRYCKT I VIKT, VOLYM ELLER PER ENHET",
33,26033,CAP,Labelling,se,ÖVRIGT,
1,27001,CAP,Package leaflet,se,BIPACKSEDEL,
2,27002,CAP,Package leaflet,se,q Detta läkemedel är föremål för utökad övervakning. Detta kommer att göra det möjligt att snabbt identifiera ny säkerhetsinformation. Du kan hjälpa till genom att rapportera de biverkningar du eventuellt får. Information om hur du rapporterar biverkningar finns i slutet av avsnitt 4. ,
3,27003,CAP,Package leaflet,se,I denna bipacksedel finns information om följande:,
4,27004,CAP,Package leaflet,se,Vad X är och vad det används för,
5,27005,CAP,Package leaflet,se,Vad du behöver veta innan du <tar> <använder> X ,
6,27006,CAP,Package leaflet,se,<Ta> <Använd> inte X<:>,
7,27007,CAP,Package leaflet,se,Varningar och försiktighet,
8,27008,CAP,Package leaflet,se,Barn <och ungdomar>,
9,27009,CAP,Package leaflet,se,Andra läkemedel och X,
10,27010,CAP,Package leaflet,se,"X med <mat> <och > <,> <dryck> <och> <alkohol>",
11,27011,CAP,Package leaflet,se,"Graviditet <och> <,> amning <och fertilitet>",
12,27012,CAP,Package leaflet,se,Körförmåga och användning av maskiner,
13,27013,CAP,Package leaflet,se,X innehåller {namn på hjälpämne(n)},
14,27014,CAP,Package leaflet,se,Hur du <tar> <använder> X,
15,27015,CAP,Package leaflet,se,Användning för barn <och ungdomar>,
16,27016,CAP,Package leaflet,se,Om du <har tagit> <använt> för stor mängd av X,
17,27017,CAP,Package leaflet,se,Om du har glömt att <ta> <använda> X,
18,27018,CAP,Package leaflet,se,Om du slutar att <ta> <använda>X,
19,27019,CAP,Package leaflet,se,Eventuella biverkningar,
20,27020,CAP,Package leaflet,se,Ytterligare biverkningar hos barn <och ungdomar>,
21,27021,CAP,Package leaflet,se,Rapportering av biverkningar,
22,27022,CAP,Package leaflet,se,Hur X ska förvaras,
23,27023,CAP,Package leaflet,se,Förpackningens innehåll och övriga upplysningar,
24,27024,CAP,Package leaflet,se,Innehållsdeklaration,
25,27025,CAP,Package leaflet,se,Läkemedlets utseende och förpackningsstorlekar,
26,27026,CAP,Package leaflet,se,Innehavare av godkännande för försäljning och tillverkare,
27,27027,CAP,Package leaflet,se,Kontakta ombudet för innehavaren av godkännandet för försäljning om du vill veta mer om detta läkemedel,
28,27028,CAP,Package leaflet,se,Denna bipacksedel ändrades senast <{MM/ÅÅÅÅ}><{månad ÅÅÅÅ}>.,
29,27029,CAP,Package leaflet,se,Övriga informationskällor,
30,27030,CAP,Package leaflet,se,Följande uppgifter är endast avsedda för hälso- och sjukvårdspersonal:,
1,28001,CAP,SmPC,en,SUMMARY OF PRODUCT CHARACTERISTICS,100
2,28002,CAP,SmPC,en,qThis medicinal product is subject to additional monitoring. This will allow quick identification of new safety information. Healthcare professionals are asked to report any suspected adverse reactions. See section 4.8 for how to report adverse reactions.,
3,28003,CAP,SmPC,en,NAME OF THE MEDICINAL PRODUCT,100
4,28004,CAP,SmPC,en,QUALITATIVE AND QUANTITATIVE COMPOSITION,100
5,28005,CAP,SmPC,en,General description,100
6,28006,CAP,SmPC,en,Qualitative and quantitative composition,100
7,28007,CAP,SmPC,en,Excipient(s) with known effect,100
8,28008,CAP,SmPC,en,PHARMACEUTICAL FORM,100
9,28009,CAP,SmPC,en,CLINICAL PARTICULARS,100
10,28010,CAP,SmPC,en,Therapeutic indications,100
11,28011,CAP,SmPC,en,Posology and method of administration,100
12,28012,CAP,SmPC,en,Posology,100
13,28013,CAP,SmPC,en,Paediatric population,100
14,28014,CAP,SmPC,en,Method of administration ,100
15,28015,CAP,SmPC,en,Precautions to be taken before handling or administering the medicinal product,100
16,28016,CAP,SmPC,en,Contraindications,100
17,28017,CAP,SmPC,en,Special warnings and precautions for use,100
18,28018,CAP,SmPC,en,Traceability,100
19,28019,CAP,SmPC,en,Paediatric population,100
20,28020,CAP,SmPC,en,Interaction with other medicinal products and other forms of interaction,100
21,28021,CAP,SmPC,en,Paediatric population,100
22,28022,CAP,SmPC,en,"Fertility, pregnancy and lactation",100
23,28023,CAP,SmPC,en,Pregnancy,100
24,28024,CAP,SmPC,en,Breast-feeding,100
25,28025,CAP,SmPC,en,Fertility,100
26,28026,CAP,SmPC,en,Effects on ability to drive and use machines,100
27,28027,CAP,SmPC,en,Undesirable effects,100
28,28028,CAP,SmPC,en,Paediatric population,100
29,28029,CAP,SmPC,en,Reporting of suspected adverse reactions,100
30,28030,CAP,SmPC,en,Overdose,100
31,28031,CAP,SmPC,en,Paediatric population,100
32,28032,CAP,SmPC,en,PHARMACOLOGICAL PROPERTIES,100
33,28033,CAP,SmPC,en,Pharmacodynamic properties,100
34,28034,CAP,SmPC,en,Mechanism of action,100
35,28035,CAP,SmPC,en,Pharmacodynamic effects,100
36,28036,CAP,SmPC,en,Clinical efficacy and safety,100
37,28037,CAP,SmPC,en,Paediatric population,100
38,28038,CAP,SmPC,en,Pharmacokinetic properties,100
39,28039,CAP,SmPC,en,Absorption,100
40,28040,CAP,SmPC,en,Distribution,100
41,28041,CAP,SmPC,en,Biotransformation,100
42,28042,CAP,SmPC,en,Elimination,100
43,28043,CAP,SmPC,en,Linearity/non-linearity,100
44,28044,CAP,SmPC,en,Pharmacokinetic/pharmacodynamic relationship(s),90
45,28045,CAP,SmPC,en,Preclinical safety data,100
46,28046,CAP,SmPC,en,Environmental risk assessment (ERA),90
47,28047,CAP,SmPC,en,PHARMACEUTICAL PARTICULARS,100
48,28048,CAP,SmPC,en,List of excipients,100
49,28049,CAP,SmPC,en,Incompatibilities,100
50,28050,CAP,SmPC,en,Shelf life,100
51,28051,CAP,SmPC,en,Special precautions for storage,100
52,28052,CAP,SmPC,en,Nature and contents of container <and special equipment for use administration or implantation>,70
53,28053,CAP,SmPC,en,Special precautions for disposal <and other handling>,60
54,28054,CAP,SmPC,en,Use in the paediatric population,100
55,28055,CAP,SmPC,en,MARKETING AUTHORISATION HOLDER,100
56,28056,CAP,SmPC,en,MARKETING AUTHORISATION NUMBER(S),90
57,28057,CAP,SmPC,en,DATE OF FIRST AUTHORISATION/RENEWAL OF THE AUTHORISATION,100
58,28058,CAP,SmPC,en,DATE OF REVISION OF THE TEXT,100
59,28059,CAP,SmPC,en,DOSIMETRY,100
60,28060,CAP,SmPC,en,INSTRUCTIONS FOR PREPARATION OF RADIOPHARMACEUTICALS,100
1,29001,CAP,AnnexII,en,ANNEX II,100
2,29002,CAP,AnnexII,en,MANUFACTURER(S) OF THE BIOLOGICAL ACTIVE SUBSTANCE(S) AND MANUFACTURER(S) RESPONSIBLE FOR BATCH RELEASE,80
3,29003,CAP,AnnexII,en,Name and address of the manufacturer(s) of the biological active substance(s),80
4,29004,CAP,AnnexII,en,Name and address of the manufacturer(s) responsible for batch release,80
5,29005,CAP,AnnexII,en,CONDITIONS OR RESTRICTIONS REGARDING SUPPLY AND USE,100
6,29006,CAP,AnnexII,en,Official batch release,100
7,29007,CAP,AnnexII,en,OTHER CONDITIONS AND REQUIREMENTS OF THE MARKETING AUTHORISATION,100
8,29008,CAP,AnnexII,en,Periodic safety update reports (PSURs),100
9,29009,CAP,AnnexII,en,CONDITIONS OR RESTRICTIONS WITH REGARD TO THE SAFE AND EFFECTIVE USE OF THE MEDICINAL PRODUCT,100
10,29010,CAP,AnnexII,en,Risk management plan (RMP),100
11,29011,CAP,AnnexII,en,Additional risk minimisation measures,100
12,29012,CAP,AnnexII,en,Obligation to conduct post-authorisation measures,100
13,29013,CAP,AnnexII,en,"SPECIFIC OBLIGATION TO COMPLETE POST-AUTHORISATION MEASURES FOR
<THE CONDITIONAL MARKETING AUTHORISATION> <THE MARKETING AUTHORISATION UNDER EXCEPTIONAL CIRCUMSTANCES>",100
1,30001,CAP,Labelling,en,LABELLING ,100
2,30002,CAP,Labelling,en,PARTICULARS TO APPEAR ON <THE OUTER PACKAGING> <AND> <THE IMMEDIATE PACKAGING>,100
3,30003,CAP,Labelling,en,NAME OF THE MEDICINAL PRODUCT,100
4,30004,CAP,Labelling,en,STATEMENT OF ACTIVE SUBSTANCE(S),100
5,30005,CAP,Labelling,en,LIST OF EXCIPIENTS,100
6,30006,CAP,Labelling,en,PHARMACEUTICAL FORM AND CONTENTS,100
7,30007,CAP,Labelling,en,METHOD AND ROUTE(S) OF ADMINISTRATION,100
8,30008,CAP,Labelling,en,SPECIAL WARNING THAT THE MEDICINAL PRODUCT MUST BE STORED OUT OF THE SIGHT AND REACH OF CHILDREN,100
9,30009,CAP,Labelling,en,"OTHER SPECIAL WARNING(S), IF NECESSARY",100
10,30010,CAP,Labelling,en,EXPIRY DATE,100
11,30011,CAP,Labelling,en,SPECIAL STORAGE CONDITIONS,100
12,30012,CAP,Labelling,en,"SPECIAL PRECAUTIONS FOR DISPOSAL OF UNUSED MEDICINAL PRODUCTS OR WASTE MATERIALS DERIVED FROM SUCH MEDICINAL PRODUCTS, IF APPROPRIATE",100
13,30013,CAP,Labelling,en,NAME AND ADDRESS OF THE MARKETING AUTHORISATION HOLDER,100
14,30014,CAP,Labelling,en,MARKETING AUTHORISATION NUMBER(S) ,100
15,30015,CAP,Labelling,en,"BATCH NUMBER<, DONATION AND PRODUCT CODES>",100
16,30016,CAP,Labelling,en,GENERAL CLASSIFICATION FOR SUPPLY,100
17,30017,CAP,Labelling,en,INSTRUCTIONS ON USE,100
18,30018,CAP,Labelling,en,INFORMATION IN BRAILLE,100
19,30019,CAP,Labelling,en,UNIQUE IDENTIFIER – 2D BARCODE,100
20,30020,CAP,Labelling,en,UNIQUE IDENTIFIER - HUMAN READABLE DATA,100
21,30021,CAP,Labelling,en,MINIMUM PARTICULARS TO APPEAR ON BLISTERS OR STRIPS,100
22,30022,CAP,Labelling,en,NAME OF THE MEDICINAL PRODUCT,100
23,30023,CAP,Labelling,en,NAME OF THE MARKETING AUTHORISATION HOLDER,100
24,30024,CAP,Labelling,en,EXPIRY DATE,100
25,30025,CAP,Labelling,en,"BATCH NUMBER<, DONATION AND PRODUCT CODES>",100
26,30026,CAP,Labelling,en,OTHER,100
27,30027,CAP,Labelling,en,MINIMUM PARTICULARS TO APPEAR ON SMALL IMMEDIATE PACKAGING UNITS,100
28,30028,CAP,Labelling,en,NAME OF THE MEDICINAL PRODUCT AND ROUTE(S) OF ADMINISTRATION,100
29,30029,CAP,Labelling,en,METHOD OF ADMINISTRATION,100
30,30030,CAP,Labelling,en,EXPIRY DATE,100
31,30031,CAP,Labelling,en,"BATCH NUMBER<, DONATION AND PRODUCT CODES>",100
32,30032,CAP,Labelling,en,"CONTENTS BY WEIGHT, BY VOLUME OR BY UNIT",100
33,30033,CAP,Labelling,en,OTHER,100
1,31001,CAP,Package leaflet,en,PACKAGE LEAFLET,100
2,31002,CAP,Package leaflet,en,q This medicine is subject to additional monitoring. This will allow quick identification of new safety information. You can help by reporting any side effects you may get. See the end of section 4 for how to report side effects.,100
3,31003,CAP,Package leaflet,en,What is in this leaflet,100
4,31004,CAP,Package leaflet,en,What X is and what it is used for,100
5,31005,CAP,Package leaflet,en,What you need to know before you <take> <use> X ,100
6,31006,CAP,Package leaflet,en,Do not <take> <use> X,100
7,31007,CAP,Package leaflet,en,Warnings and precautions ,100
8,31008,CAP,Package leaflet,en,Children <and adolescents>,100
9,31009,CAP,Package leaflet,en,Other medicines and X,100
10,31010,CAP,Package leaflet,en,"X with <food> <and> <,> <drink> <and> <alcohol>",100
11,31011,CAP,Package leaflet,en,"Pregnancy <and> <,> breast-feeding <and fertility>",100
12,31012,CAP,Package leaflet,en,Driving and using machines,100
13,31013,CAP,Package leaflet,en,X contains {name the excipient(s)},100
14,31014,CAP,Package leaflet,en,How to <take> <use> X ,100
15,31015,CAP,Package leaflet,en,Use in children <and adolescents>,100
16,31016,CAP,Package leaflet,en,If you <take> <use> more X than you should,100
17,31017,CAP,Package leaflet,en,If you forget to <take> <use> X>,100
18,31018,CAP,Package leaflet,en,If you stop <taking> <using> X>,100
19,31019,CAP,Package leaflet,en,Possible side effects,100
20,31020,CAP,Package leaflet,en,Additional side effects in children <and adolescents>,100
21,31021,CAP,Package leaflet,en,Reporting of side effects,100
22,31022,CAP,Package leaflet,en,How to store X,100
23,31023,CAP,Package leaflet,en,Contents of the pack and other information,100
24,31024,CAP,Package leaflet,en,What X contains ,100
25,31025,CAP,Package leaflet,en,What X looks like and contents of the pack,100
26,31026,CAP,Package leaflet,en,Marketing Authorisation Holder and Manufacturer,100
27,31027,CAP,Package leaflet,en,"For any information about this medicine, please contact the local representative of the Marketing Authorisation Holder:",100
28,31028,CAP,Package leaflet,en,This leaflet was last revised in <{MM/YYYY}><{month YYYY}>.,100
29,31029,CAP,Package leaflet,en,Other sources of information,100
30,31030,CAP,Package leaflet,en,The following information is intended for healthcare professionals only:,100
1,32001,NAP,SmPC,en,SUMMARY OF PRODUCT CHARACTERISTICS,
2,32002,NAP,SmPC,en,qThis medicinal product is subject to additional monitoring. This will allow quick identification of new safety information. Healthcare professionals are asked to report any suspected adverse reactions. See section 4.8 for how to report adverse reactions.>,
3,32003,NAP,SmPC,en,NAME OF THE MEDICINAL PRODUCT,
4,32004,NAP,SmPC,en,QUALITATIVE AND QUANTITATIVE COMPOSITION,
5,32005,NAP,SmPC,en,Excipient(s) with known effect,
6,32006,NAP,SmPC,en,PHARMACEUTICAL FORM,
7,32007,NAP,SmPC,en,CLINICAL PARTICULARS,
8,32008,NAP,SmPC,en,Therapeutic indications,
9,32009,NAP,SmPC,en,Posology and method of administration,
10,32010,NAP,SmPC,en,Posology,
11,32011,NAP,SmPC,en,Paediatric population,
12,32012,NAP,SmPC,en,Method of administration ,
13,32013,NAP,SmPC,en,Precautions to be taken before handling or administering the medicinal product,
14,32014,NAP,SmPC,en,Contraindications,
15,32015,NAP,SmPC,en,Special warnings and precautions for use,
16,32016,NAP,SmPC,en,Traceability,
17,32017,NAP,SmPC,en,Paediatric population,
18,32018,NAP,SmPC,en,Interaction with other medicinal products and other forms of interaction,
19,32019,NAP,SmPC,en,Paediatric population,
20,32020,NAP,SmPC,en,"Fertility, pregnancy and lactation",
21,32021,NAP,SmPC,en,Pregnancy,
22,32022,NAP,SmPC,en,Breast-feeding,
23,32023,NAP,SmPC,en,Fertility,
24,32024,NAP,SmPC,en,Effects on ability to drive and use machines,
25,32025,NAP,SmPC,en,Undesirable effects,
26,32026,NAP,SmPC,en,Paediatric population,
27,32027,NAP,SmPC,en,Reporting of suspected adverse reactions,
28,32028,NAP,SmPC,en,Overdose,
29,32029,NAP,SmPC,en,Paediatric population,
30,32030,NAP,SmPC,en,PHARMACOLOGICAL PROPERTIES,
31,32031,NAP,SmPC,en,Pharmacodynamic properties,
32,32032,NAP,SmPC,en,Mechanism of action,
33,32033,NAP,SmPC,en,Pharmacodynamic effects,
34,32034,NAP,SmPC,en,Clinical efficacy and safety,
35,32035,NAP,SmPC,en,Paediatric population,
36,32036,NAP,SmPC,en,Pharmacokinetic properties,
37,32037,NAP,SmPC,en,Absorption,
38,32038,NAP,SmPC,en,Distribution,
39,32039,NAP,SmPC,en,Biotransformation,
40,32040,NAP,SmPC,en,Elimination,
41,32041,NAP,SmPC,en,Linearity/non-linearity,
42,32042,NAP,SmPC,en,Pharmacokinetic/pharmacodynamic relationship(s),
43,32043,NAP,SmPC,en,Preclinical safety data,
44,32044,NAP,SmPC,en,Environmental risk assessment (ERA),
45,32045,NAP,SmPC,en,PHARMACEUTICAL PARTICULARS,
46,32046,NAP,SmPC,en,List of excipients,
47,32047,NAP,SmPC,en,Incompatibilities,
48,32048,NAP,SmPC,en,Shelf life,
49,32049,NAP,SmPC,en,Special precautions for storage,
50,32050,NAP,SmPC,en,Nature and contents of container,
51,32051,NAP,SmPC,en,Special precautions for disposal <and other handling>,
52,32052,NAP,SmPC,en,Use in the paediatric population,
53,32053,NAP,SmPC,en,MARKETING AUTHORISATION HOLDER,
54,32054,NAP,SmPC,en,MARKETING AUTHORISATION NUMBER(S),
55,32055,NAP,SmPC,en,DATE OF FIRST AUTHORISATION/RENEWAL OF THE AUTHORISATION,
56,32056,NAP,SmPC,en,DATE OF REVISION OF THE TEXT,
57,32057,NAP,SmPC,en,DOSIMETRY,
58,32058,NAP,SmPC,en,INSTRUCTIONS FOR PREPARATION OF RADIOPHARMACEUTICALS,
1,33001,NAP,Labelling,en,LABELLING ,
2,33002,NAP,Labelling,en,PARTICULARS TO APPEAR ON <THE OUTER PACKAGING> <AND> <THE IMMEDIATE PACKAGING>,
3,33003,NAP,Labelling,en,NAME OF THE MEDICINAL PRODUCT,
4,33004,NAP,Labelling,en,STATEMENT OF ACTIVE SUBSTANCE(S),
5,33005,NAP,Labelling,en,LIST OF EXCIPIENTS,
6,33006,NAP,Labelling,en,PHARMACEUTICAL FORM AND CONTENTS,
7,33007,NAP,Labelling,en,METHOD AND ROUTE(S) OF ADMINISTRATION,
8,33008,NAP,Labelling,en,SPECIAL WARNING THAT THE MEDICINAL PRODUCT MUST BE STORED OUT OF THE SIGHT AND REACH OF CHILDREN,
9,33009,NAP,Labelling,en,"OTHER SPECIAL WARNING(S), IF NECESSARY",
10,33010,NAP,Labelling,en,EXPIRY DATE,
11,33011,NAP,Labelling,en,SPECIAL STORAGE CONDITIONS,
12,33012,NAP,Labelling,en,"SPECIAL PRECAUTIONS FOR DISPOSAL OF UNUSED MEDICINAL PRODUCTS OR WASTE MATERIALS DERIVED FROM SUCH MEDICINAL PRODUCTS, IF APPROPRIATE",
13,33013,NAP,Labelling,en,NAME AND ADDRESS OF THE MARKETING AUTHORISATION HOLDER,
14,33014,NAP,Labelling,en,MARKETING AUTHORISATION NUMBER(S) ,
15,33015,NAP,Labelling,en,BATCH NUMBER,
16,33016,NAP,Labelling,en,GENERAL CLASSIFICATION FOR SUPPLY,
17,33017,NAP,Labelling,en,INSTRUCTIONS ON USE,
18,33018,NAP,Labelling,en,INFORMATION IN BRAILLE,
19,33019,NAP,Labelling,en,UNIQUE IDENTIFIER – 2D BARCODE,
20,33020,NAP,Labelling,en,UNIQUE IDENTIFIER - HUMAN READABLE DATA,
21,33021,NAP,Labelling,en,MINIMUM PARTICULARS TO APPEAR ON BLISTERS OR STRIPS,
22,33022,NAP,Labelling,en,NAME OF THE MEDICINAL PRODUCT,
23,33023,NAP,Labelling,en,NAME OF THE MARKETING AUTHORISATION HOLDER,
24,33024,NAP,Labelling,en,EXPIRY DATE,
25,33025,NAP,Labelling,en,BATCH NUMBER,
26,33026,NAP,Labelling,en,OTHER,
27,33027,NAP,Labelling,en,MINIMUM PARTICULARS TO APPEAR ON SMALL IMMEDIATE PACKAGING UNITS,
28,33028,NAP,Labelling,en,NAME OF THE MEDICINAL PRODUCT AND ROUTE(S) OF ADMINISTRATION,
29,33029,NAP,Labelling,en,METHOD OF ADMINISTRATION,
30,33030,NAP,Labelling,en,EXPIRY DATE,
31,33031,NAP,Labelling,en,BATCH NUMBER,
32,33032,NAP,Labelling,en,"CONTENTS BY WEIGHT, BY VOLUME OR BY UNIT",
33,33033,NAP,Labelling,en,OTHER,
1,34001,NAP,Package leaflet,en,PACKAGE LEAFLET,
2,34002,NAP,Package leaflet,en,q This medicine is subject to additional monitoring. This will allow quick identification of new safety information. You can help by reporting any side effects you may get. See the end of section 4 for how to report side effects.,
3,34003,NAP,Package leaflet,en,What is in this leaflet,
4,34004,NAP,Package leaflet,en,What X is and what it is used for,
5,34005,NAP,Package leaflet,en,What you need to know before you <take> <use> X ,
6,34006,NAP,Package leaflet,en,Do not <take> <use> X,
7,34007,NAP,Package leaflet,en,Warnings and precautions ,
8,34008,NAP,Package leaflet,en,Children <and adolescents>,
9,34009,NAP,Package leaflet,en,Other medicines and X,
10,34010,NAP,Package leaflet,en,"X with <food> <and> <,> <drink> <and> <alcohol>",
11,34011,NAP,Package leaflet,en,"Pregnancy <and> <,> breast-feeding <and fertility>",
12,34012,NAP,Package leaflet,en,Driving and using machines,
13,34013,NAP,Package leaflet,en,X contains {name the excipient(s)},
14,34014,NAP,Package leaflet,en,How to <take> <use> X ,
15,34015,NAP,Package leaflet,en,Use in children <and adolescents>,
16,34016,NAP,Package leaflet,en,If you <take> <use> more X than you should,
17,34017,NAP,Package leaflet,en,If you forget to <take> <use> X>,
18,34018,NAP,Package leaflet,en,If you stop <taking> <using> X>,
19,34019,NAP,Package leaflet,en,Possible side effects,
20,34020,NAP,Package leaflet,en,Additional side effects in children <and adolescents>,
21,34021,NAP,Package leaflet,en,Reporting of side effects,
22,34022,NAP,Package leaflet,en,How to store X,
23,34023,NAP,Package leaflet,en,Contents of the pack and other information,
24,34024,NAP,Package leaflet,en,What X contains ,
25,34025,NAP,Package leaflet,en,What X looks like and contents of the pack,
26,34026,NAP,Package leaflet,en,Marketing Authorisation Holder and Manufacturer,
27,34027,NAP,Package leaflet,en,This medicinal product is authorised in the Member States of the EEA under the following names :,
28,34028,NAP,Package leaflet,en,This leaflet was last revised in <{MM/YYYY}><{month YYYY}>.,
29,34029,NAP,Package leaflet,en,Other sources of information,
30,34030,NAP,Package leaflet,en,The following information is intended for healthcare professionals only:,
